signal_id,symbol,setup_name,entry_ts,exit_ts,entry_price,stop_price,r_multiple,rank_score,skip_reason,open_slots,open_exposure_usd,open_risk_usd,entry_notional_usd,risk_to_stop_usd
IEMG_MeanReversion_D1_1,IEMG,MeanReversion_D1,2026-01-02 05:00:00+00:00,2026-01-08 05:00:00+00:00,68.59,67.22,0.854,0.0,no_slot,1,55.89,1.215,68.59,1.37
IWD_MeanReversion_D1_1,IWD,MeanReversion_D1,2026-01-02 05:00:00+00:00,2026-01-02 05:00:00+00:00,211.11,210.28,-1.0,0.0,no_slot,1,55.89,1.215,211.11,0.83
QQQ_MeanReversion_D1_1,QQQ,MeanReversion_D1,2026-01-02 05:00:00+00:00,2026-01-02 05:00:00+00:00,620.0,614.05,-1.0,0.0,no_slot,1,55.89,1.215,620.0,5.95
VTV_MeanReversion_D1_1,VTV,MeanReversion_D1,2026-01-02 05:00:00+00:00,2026-01-02 05:00:00+00:00,191.41,190.975,-1.0,0.0,no_slot,1,55.89,1.215,191.41,0.435
XLI_MeanReversion_D1_1,XLI,MeanReversion_D1,2026-01-02 05:00:00+00:00,2026-01-02 05:00:00+00:00,155.59,155.06,-1.0,0.0,no_slot,1,55.89,1.215,155.59,0.53
EEM_PrevDayBreakout_D1_2,EEM,PrevDayBreakout_D1,2026-01-05 05:00:00+00:00,2026-01-09 05:00:00+00:00,56.59,54.675,0.282,0.0,no_slot,1,55.89,1.215,56.59,1.915
EEM_TwoDayBreakout_D1_2,EEM,TwoDayBreakout_D1,2026-01-05 05:00:00+00:00,2026-01-09 05:00:00+00:00,56.59,54.675,0.282,0.0,no_slot,1,55.89,1.215,56.59,1.915
IEMG_PrevDayBreakout_D1_2,IEMG,PrevDayBreakout_D1,2026-01-05 05:00:00+00:00,2026-01-09 05:00:00+00:00,69.345,67.22,0.3294,0.0,no_slot,1,55.89,1.215,69.345,2.125
IEMG_TwoDayBreakout_D1_2,IEMG,TwoDayBreakout_D1,2026-01-05 05:00:00+00:00,2026-01-09 05:00:00+00:00,69.345,67.22,0.3294,0.0,no_slot,1,55.89,1.215,69.345,2.125
IWM_PrevDayBreakout_D1_2,IWM,PrevDayBreakout_D1,2026-01-05 05:00:00+00:00,2026-01-08 05:00:00+00:00,249.785,246.01,2.0,0.0,no_slot,1,55.89,1.215,249.785,3.775
SMH_PrevDayBreakout_D1_2,SMH,PrevDayBreakout_D1,2026-01-05 05:00:00+00:00,2026-01-09 05:00:00+00:00,381.69,360.1,0.3534,0.0,no_slot,1,55.89,1.215,381.69,21.59
SMH_TwoDayBreakout_D1_2,SMH,TwoDayBreakout_D1,2026-01-05 05:00:00+00:00,2026-01-09 05:00:00+00:00,381.69,360.1,0.3534,0.0,no_slot,1,55.89,1.215,381.69,21.59
XAR_TwoDayBreakout_D1_2,XAR,TwoDayBreakout_D1,2026-01-05 05:00:00+00:00,2026-01-09 05:00:00+00:00,253.5,240.75,1.811,0.0,no_slot,1,55.89,1.215,253.5,12.75
XLI_TwoDayBreakout_D1_2,XLI,TwoDayBreakout_D1,2026-01-05 05:00:00+00:00,2026-01-09 05:00:00+00:00,158.365,155.06,1.0817,0.0,no_slot,1,55.89,1.215,158.365,3.305
XLU_PrevDayBreakout_D1_2,XLU,PrevDayBreakout_D1,2026-01-05 05:00:00+00:00,2026-01-05 05:00:00+00:00,43.19,42.68,-1.0,0.0,no_slot,1,55.89,1.215,43.19,0.51
XME_PrevDayBreakout_D1_2,XME,PrevDayBreakout_D1,2026-01-05 05:00:00+00:00,2026-01-09 05:00:00+00:00,109.7,103.04,1.0781,0.0,no_slot,1,55.89,1.215,109.7,6.66
XME_TwoDayBreakout_D1_2,XME,TwoDayBreakout_D1,2026-01-05 05:00:00+00:00,2026-01-09 05:00:00+00:00,109.7,103.04,1.0781,0.0,no_slot,1,55.89,1.215,109.7,6.66
QQQ_MeanReversion_D1_2,QQQ,MeanReversion_D1,2026-01-05 05:00:00+00:00,2026-01-09 05:00:00+00:00,619.32,610.16,0.8008,-1.0,no_slot,1,55.89,1.215,619.32,9.16
EEM_PrevDayBreakout_D1_3,EEM,PrevDayBreakout_D1,2026-01-06 05:00:00+00:00,2026-01-12 05:00:00+00:00,57.185,55.825,0.5441,0.0,no_slot,1,55.89,1.215,57.185,1.36
EEM_TwoDayBreakout_D1_3,EEM,TwoDayBreakout_D1,2026-01-06 05:00:00+00:00,2026-01-12 05:00:00+00:00,57.185,54.675,0.2948,0.0,no_slot,1,55.89,1.215,57.185,2.51
IEMG_PrevDayBreakout_D1_3,IEMG,PrevDayBreakout_D1,2026-01-06 05:00:00+00:00,2026-01-12 05:00:00+00:00,70.08,68.535,0.5599,0.0,no_slot,1,55.89,1.215,70.08,1.545
IEMG_TwoDayBreakout_D1_3,IEMG,TwoDayBreakout_D1,2026-01-06 05:00:00+00:00,2026-01-12 05:00:00+00:00,70.08,67.22,0.3024,0.0,no_slot,1,55.89,1.215,70.08,2.86
IWM_PrevDayBreakout_D1_3,IWM,PrevDayBreakout_D1,2026-01-06 05:00:00+00:00,2026-01-12 05:00:00+00:00,252.305,245.865,1.4278,0.0,no_slot,1,55.89,1.215,252.305,6.44
KRE_PrevDayBreakout_D1_3,KRE,PrevDayBreakout_D1,2026-01-06 05:00:00+00:00,2026-01-12 05:00:00+00:00,66.43,64.06,0.1013,0.0,no_slot,1,55.89,1.215,66.43,2.37
SMH_PrevDayBreakout_D1_3,SMH,PrevDayBreakout_D1,2026-01-06 05:00:00+00:00,2026-01-12 05:00:00+00:00,382.395,368.835,0.6007,0.0,no_slot,1,55.89,1.215,382.395,13.56
SMH_TwoDayBreakout_D1_3,SMH,TwoDayBreakout_D1,2026-01-06 05:00:00+00:00,2026-01-12 05:00:00+00:00,382.395,360.1,0.3653,0.0,no_slot,1,55.89,1.215,382.395,22.295
XAR_TwoDayBreakout_D1_3,XAR,TwoDayBreakout_D1,2026-01-06 05:00:00+00:00,2026-01-12 05:00:00+00:00,260.815,240.75,1.0135,0.0,no_slot,1,55.89,1.215,260.815,20.065
XLI_TwoDayBreakout_D1_3,XLI,TwoDayBreakout_D1,2026-01-06 05:00:00+00:00,2026-01-12 05:00:00+00:00,159.495,154.98,0.814,0.0,no_slot,1,55.89,1.215,159.495,4.515
XME_PrevDayBreakout_D1_3,XME,PrevDayBreakout_D1,2026-01-06 05:00:00+00:00,2026-01-12 05:00:00+00:00,112.36,104.77,1.0685,0.0,no_slot,1,55.89,1.215,112.36,7.59
XME_TwoDayBreakout_D1_3,XME,TwoDayBreakout_D1,2026-01-06 05:00:00+00:00,2026-01-12 05:00:00+00:00,112.36,103.04,0.8702,0.0,no_slot,1,55.89,1.215,112.36,9.32
EEM_PrevDayBreakout_D1_4,EEM,PrevDayBreakout_D1,2026-01-07 05:00:00+00:00,2026-01-13 05:00:00+00:00,57.04,56.36,0.6912,0.0,no_slot,1,55.89,1.215,57.04,0.68
EEM_TwoDayBreakout_D1_4,EEM,TwoDayBreakout_D1,2026-01-07 05:00:00+00:00,2026-01-13 05:00:00+00:00,57.04,55.825,0.3868,0.0,no_slot,1,55.89,1.215,57.04,1.215
IEMG_PrevDayBreakout_D1_4,IEMG,PrevDayBreakout_D1,2026-01-07 05:00:00+00:00,2026-01-13 05:00:00+00:00,69.93,69.125,0.6646,0.0,no_slot,1,55.89,1.215,69.93,0.805
IEMG_TwoDayBreakout_D1_4,IEMG,TwoDayBreakout_D1,2026-01-07 05:00:00+00:00,2026-01-13 05:00:00+00:00,69.93,68.535,0.3835,0.0,no_slot,1,55.89,1.215,69.93,1.395
IWM_PrevDayBreakout_D1_4,IWM,PrevDayBreakout_D1,2026-01-07 05:00:00+00:00,2026-01-13 05:00:00+00:00,256.345,249.58,0.7406,0.0,no_slot,1,55.89,1.215,256.345,6.765
KRE_PrevDayBreakout_D1_4,KRE,PrevDayBreakout_D1,2026-01-07 05:00:00+00:00,2026-01-13 05:00:00+00:00,67.21,65.02,-0.4406,0.0,no_slot,1,55.89,1.215,67.21,2.19
SMH_PrevDayBreakout_D1_4,SMH,PrevDayBreakout_D1,2026-01-07 05:00:00+00:00,2026-01-08 05:00:00+00:00,384.65,377.01,-1.0,0.0,no_slot,1,55.89,1.215,384.65,7.64
SMH_TwoDayBreakout_D1_4,SMH,TwoDayBreakout_D1,2026-01-07 05:00:00+00:00,2026-01-13 05:00:00+00:00,384.65,368.835,0.4414,0.0,no_slot,1,55.89,1.215,384.65,15.815
XAR_TwoDayBreakout_D1_4,XAR,TwoDayBreakout_D1,2026-01-07 05:00:00+00:00,2026-01-13 05:00:00+00:00,266.005,246.015,0.7771,0.0,no_slot,1,55.89,1.215,266.005,19.99
XLI_TwoDayBreakout_D1_4,XLI,TwoDayBreakout_D1,2026-01-07 05:00:00+00:00,2026-01-13 05:00:00+00:00,162.485,154.98,0.2005,0.0,no_slot,1,55.89,1.215,162.485,7.505
XLV_PrevDayBreakout_D1_4,XLV,PrevDayBreakout_D1,2026-01-07 05:00:00+00:00,2026-01-13 05:00:00+00:00,158.8,152.98,-0.3591,0.0,no_slot,1,55.89,1.215,158.8,5.82
XME_PrevDayBreakout_D1_4,XME,PrevDayBreakout_D1,2026-01-07 05:00:00+00:00,2026-01-12 05:00:00+00:00,112.985,109.4,2.0,0.0,no_slot,1,55.89,1.215,112.985,3.585
XME_TwoDayBreakout_D1_4,XME,TwoDayBreakout_D1,2026-01-07 05:00:00+00:00,2026-01-13 05:00:00+00:00,112.985,104.77,0.8198,0.0,no_slot,1,55.89,1.215,112.985,8.215
XLV_PrevDayBreakout_D1_5,XLV,PrevDayBreakout_D1,2026-01-08 05:00:00+00:00,2026-01-14 05:00:00+00:00,159.235,155.355,-0.3518,0.0,no_slot,1,124.89,6.575,159.235,3.88
IWD_MeanReversion_D1_5,IWD,MeanReversion_D1,2026-01-08 05:00:00+00:00,2026-01-08 05:00:00+00:00,214.23,214.18,2.0,-1.0,no_slot,1,124.89,6.575,214.23,0.05
VTV_MeanReversion_D1_5,VTV,MeanReversion_D1,2026-01-08 05:00:00+00:00,2026-01-08 05:00:00+00:00,194.0,193.83,2.0,-1.0,no_slot,1,124.89,6.575,194.0,0.17
XLI_MeanReversion_D1_5,XLI,MeanReversion_D1,2026-01-08 05:00:00+00:00,2026-01-09 05:00:00+00:00,159.895,158.875,2.0,-1.0,no_slot,1,124.89,6.575,159.895,1.02
IWM_PrevDayBreakout_D1_6,IWM,PrevDayBreakout_D1,2026-01-09 05:00:00+00:00,2026-01-15 05:00:00+00:00,259.54,253.985,1.0693,2.0,no_slot,1,124.89,6.575,259.54,5.555
KRE_PrevDayBreakout_D1_6,KRE,PrevDayBreakout_D1,2026-01-09 05:00:00+00:00,2026-01-13 05:00:00+00:00,68.23,66.22,-1.0,0.0,no_slot,1,124.89,6.575,68.23,2.01
XAR_TwoDayBreakout_D1_6,XAR,TwoDayBreakout_D1,2026-01-09 05:00:00+00:00,2026-01-15 05:00:00+00:00,271.745,260.48,1.5655,0.0,no_slot,1,124.89,6.575,271.745,11.265
XLP_TwoDayBreakout_D1_6,XLP,TwoDayBreakout_D1,2026-01-09 05:00:00+00:00,2026-01-15 05:00:00+00:00,78.645,76.61,1.8256,0.0,no_slot,1,124.89,6.575,78.645,2.035
XLV_MeanReversion_D1_6,XLV,MeanReversion_D1,2026-01-09 05:00:00+00:00,2026-01-09 05:00:00+00:00,158.415,157.625,-1.0,0.0,no_slot,1,124.89,6.575,158.415,0.79
QQQ_MeanReversion_D1_6,QQQ,MeanReversion_D1,2026-01-09 05:00:00+00:00,2026-01-12 05:00:00+00:00,621.35,617.82,2.0,-1.0,no_slot,1,124.89,6.575,621.35,3.53
IWM_PrevDayBreakout_D1_7,IWM,PrevDayBreakout_D1,2026-01-12 05:00:00+00:00,2026-01-16 05:00:00+00:00,259.23,254.45,1.364,2.0,no_slot,1,124.89,6.575,259.23,4.78
XAR_TwoDayBreakout_D1_7,XAR,TwoDayBreakout_D1,2026-01-12 05:00:00+00:00,2026-01-16 05:00:00+00:00,278.225,262.5,0.9409,1.811,no_slot,1,124.89,6.575,278.225,15.725
XME_PrevDayBreakout_D1_7,XME,PrevDayBreakout_D1,2026-01-12 05:00:00+00:00,2026-01-16 05:00:00+00:00,118.955,111.72,0.7208,1.0781,no_slot,1,124.89,6.575,118.955,7.235
XME_TwoDayBreakout_D1_7,XME,TwoDayBreakout_D1,2026-01-12 05:00:00+00:00,2026-01-16 05:00:00+00:00,118.955,111.72,0.7208,1.0781,no_slot,1,124.89,6.575,118.955,7.235
SMH_TwoDayBreakout_D1_7,SMH,TwoDayBreakout_D1,2026-01-12 05:00:00+00:00,2026-01-16 05:00:00+00:00,386.51,375.99,1.3241,0.3534,no_slot,1,124.89,6.575,386.51,10.52
IEMG_PrevDayBreakout_D1_7,IEMG,PrevDayBreakout_D1,2026-01-12 05:00:00+00:00,2026-01-16 05:00:00+00:00,70.15,69.46,1.1159,0.3294,no_slot,1,124.89,6.575,70.15,0.69
IEMG_TwoDayBreakout_D1_7,IEMG,TwoDayBreakout_D1,2026-01-12 05:00:00+00:00,2026-01-16 05:00:00+00:00,70.15,69.46,1.1159,0.3294,no_slot,1,124.89,6.575,70.15,0.69
EEM_PrevDayBreakout_D1_7,EEM,PrevDayBreakout_D1,2026-01-12 05:00:00+00:00,2026-01-16 05:00:00+00:00,57.24,56.625,1.0081,0.282,no_slot,1,124.89,6.575,57.24,0.615
EEM_TwoDayBreakout_D1_7,EEM,TwoDayBreakout_D1,2026-01-12 05:00:00+00:00,2026-01-16 05:00:00+00:00,57.24,56.625,1.0081,0.282,no_slot,1,124.89,6.575,57.24,0.615
XLP_TwoDayBreakout_D1_7,XLP,TwoDayBreakout_D1,2026-01-12 05:00:00+00:00,2026-01-16 05:00:00+00:00,79.58,76.55,0.8449,0.0,no_slot,1,124.89,6.575,79.58,3.03
SMH_PrevDayBreakout_D1_7,SMH,PrevDayBreakout_D1,2026-01-12 05:00:00+00:00,2026-01-16 05:00:00+00:00,386.51,375.99,1.3241,-0.3233,no_slot,1,124.89,6.575,386.51,10.52
XLU_PrevDayBreakout_D1_7,XLU,PrevDayBreakout_D1,2026-01-12 05:00:00+00:00,2026-01-15 05:00:00+00:00,42.365,41.82,2.0,-1.0,no_slot,1,124.89,6.575,42.365,0.545
XLV_MeanReversion_D1_7,XLV,MeanReversion_D1,2026-01-12 05:00:00+00:00,2026-01-12 05:00:00+00:00,157.4,157.26,-1.0,-1.0,no_slot,1,124.89,6.575,157.4,0.14
XAR_TwoDayBreakout_D1_8,XAR,TwoDayBreakout_D1,2026-01-13 05:00:00+00:00,2026-01-20 05:00:00+00:00,284.44,268.35,-0.0099,1.41225,no_slot,1,124.89,6.575,284.44,16.09
XME_PrevDayBreakout_D1_8,XME,PrevDayBreakout_D1,2026-01-13 05:00:00+00:00,2026-01-20 05:00:00+00:00,121.59,114.89,0.6269,1.3822,no_slot,1,124.89,6.575,121.59,6.7
XME_TwoDayBreakout_D1_8,XME,TwoDayBreakout_D1,2026-01-13 05:00:00+00:00,2026-01-20 05:00:00+00:00,121.59,111.72,0.4255,0.97415,no_slot,1,124.89,6.575,121.59,9.87
XLI_TwoDayBreakout_D1_8,XLI,TwoDayBreakout_D1,2026-01-13 05:00:00+00:00,2026-01-20 05:00:00+00:00,163.81,159.78,-0.0571,0.94785,no_slot,1,124.89,6.575,163.81,4.03
IEMG_PrevDayBreakout_D1_8,IEMG,PrevDayBreakout_D1,2026-01-13 05:00:00+00:00,2026-01-20 05:00:00+00:00,70.725,69.56,-0.3047,0.44465,no_slot,1,124.89,6.575,70.725,1.165
EEM_PrevDayBreakout_D1_8,EEM,PrevDayBreakout_D1,2026-01-13 05:00:00+00:00,2026-01-20 05:00:00+00:00,57.755,56.73,-0.4049,0.41305,no_slot,1,124.89,6.575,57.755,1.025
IEMG_TwoDayBreakout_D1_8,IEMG,TwoDayBreakout_D1,2026-01-13 05:00:00+00:00,2026-01-20 05:00:00+00:00,70.725,69.46,-0.2806,0.3159,no_slot,1,124.89,6.575,70.725,1.265
EEM_TwoDayBreakout_D1_8,EEM,TwoDayBreakout_D1,2026-01-13 05:00:00+00:00,2026-01-20 05:00:00+00:00,57.755,56.625,-0.3673,0.2884,no_slot,1,124.89,6.575,57.755,1.13
XLP_TwoDayBreakout_D1_8,XLP,TwoDayBreakout_D1,2026-01-13 05:00:00+00:00,2026-01-20 05:00:00+00:00,80.255,76.55,0.5735,0.0,no_slot,1,124.89,6.575,80.255,3.705
XLI_TwoDayBreakout_D1_9,XLI,TwoDayBreakout_D1,2026-01-14 05:00:00+00:00,2026-01-21 05:00:00+00:00,163.755,160.89,0.9075,0.698733,no_slot,1,281.045,9.3,163.755,2.865
XLP_TwoDayBreakout_D1_9,XLP,TwoDayBreakout_D1,2026-01-14 05:00:00+00:00,2026-01-21 05:00:00+00:00,81.08,78.38,0.4963,0.0,no_slot,1,281.045,9.3,81.08,2.7
XLU_PrevDayBreakout_D1_9,XLU,PrevDayBreakout_D1,2026-01-14 05:00:00+00:00,2026-01-15 05:00:00+00:00,42.78,42.3,2.0,-1.0,no_slot,1,281.045,9.3,42.78,0.48
IWM_PrevDayBreakout_D1_10,IWM,PrevDayBreakout_D1,2026-01-15 05:00:00+00:00,2026-01-22 05:00:00+00:00,264.07,260.47,2.0,1.389467,no_slot,1,281.045,9.3,264.07,3.6
XME_PrevDayBreakout_D1_10,XME,PrevDayBreakout_D1,2026-01-15 05:00:00+00:00,2026-01-21 05:00:00+00:00,122.54,119.38,2.0,1.3822,no_slot,1,281.045,9.3,122.54,3.16
XME_TwoDayBreakout_D1_10,XME,TwoDayBreakout_D1,2026-01-15 05:00:00+00:00,2026-01-22 05:00:00+00:00,122.54,118.46,2.0,0.9227,no_slot,1,281.045,9.3,122.54,4.08
QQQ_MeanReversion_D1_10,QQQ,MeanReversion_D1,2026-01-15 05:00:00+00:00,2026-01-20 05:00:00+00:00,626.59,614.64,-1.0,0.600267,no_slot,1,281.045,9.3,626.59,11.95
XBI_TwoDayBreakout_D1_10,XBI,TwoDayBreakout_D1,2026-01-15 05:00:00+00:00,2026-01-20 05:00:00+00:00,126.785,121.6,-1.0,0.2981,no_slot,1,281.045,9.3,126.785,5.185
XLP_TwoDayBreakout_D1_10,XLP,TwoDayBreakout_D1,2026-01-15 05:00:00+00:00,2026-01-22 05:00:00+00:00,82.035,79.26,0.0865,0.0,no_slot,1,281.045,9.3,82.035,2.775
XLV_PrevDayBreakout_D1_10,XLV,PrevDayBreakout_D1,2026-01-15 05:00:00+00:00,2026-01-15 05:00:00+00:00,157.425,155.75,-1.0,-0.35545,no_slot,1,281.045,9.3,157.425,1.675
XLU_PrevDayBreakout_D1_10,XLU,PrevDayBreakout_D1,2026-01-15 05:00:00+00:00,2026-01-22 05:00:00+00:00,43.33,42.42,-0.6758,-1.0,no_slot,1,281.045,9.3,43.33,0.91
XLP_TwoDayBreakout_D1_11,XLP,TwoDayBreakout_D1,2026-01-16 05:00:00+00:00,2026-01-23 05:00:00+00:00,82.035,80.255,0.4775,1.8256,no_slot,1,281.045,9.3,82.035,1.78
IWM_PrevDayBreakout_D1_11,IWM,PrevDayBreakout_D1,2026-01-16 05:00:00+00:00,2026-01-23 05:00:00+00:00,265.8,260.215,-0.1791,1.309425,no_slot,1,281.045,9.3,265.8,5.585
XAR_TwoDayBreakout_D1_11,XAR,TwoDayBreakout_D1,2026-01-16 05:00:00+00:00,2026-01-23 05:00:00+00:00,291.12,278.07,-0.6253,1.291775,no_slot,1,281.045,9.3,291.12,13.05
XLU_PrevDayBreakout_D1_11,XLU,PrevDayBreakout_D1,2026-01-16 05:00:00+00:00,2026-01-21 05:00:00+00:00,43.19,42.78,-1.0,1.0,no_slot,1,281.045,9.3,43.19,0.41
XLI_TwoDayBreakout_D1_11,XLI,TwoDayBreakout_D1,2026-01-16 05:00:00+00:00,2026-01-23 05:00:00+00:00,166.3,162.805,-0.6009,0.698733,no_slot,1,281.045,9.3,166.3,3.495
IEMG_PrevDayBreakout_D1_11,IEMG,PrevDayBreakout_D1,2026-01-16 05:00:00+00:00,2026-01-20 05:00:00+00:00,71.05,70.42,-1.0,0.517967,no_slot,1,281.045,9.3,71.05,0.63
EEM_PrevDayBreakout_D1_11,EEM,PrevDayBreakout_D1,2026-01-16 05:00:00+00:00,2026-01-20 05:00:00+00:00,57.97,57.45,-1.0,0.505767,no_slot,1,281.045,9.3,57.97,0.52
SMH_TwoDayBreakout_D1_11,SMH,TwoDayBreakout_D1,2026-01-16 05:00:00+00:00,2026-01-23 05:00:00+00:00,402.68,383.98,-0.1337,0.3867,no_slot,1,281.045,9.3,402.68,18.7
IEMG_TwoDayBreakout_D1_11,IEMG,TwoDayBreakout_D1,2026-01-16 05:00:00+00:00,2026-01-20 05:00:00+00:00,71.05,70.33,-1.0,0.338433,no_slot,1,281.045,9.3,71.05,0.72
EEM_TwoDayBreakout_D1_11,EEM,TwoDayBreakout_D1,2026-01-16 05:00:00+00:00,2026-01-20 05:00:00+00:00,57.97,57.38,-1.0,0.3212,no_slot,1,281.045,9.3,57.97,0.59
SMH_PrevDayBreakout_D1_11,SMH,PrevDayBreakout_D1,2026-01-16 05:00:00+00:00,2026-01-23 05:00:00+00:00,402.68,383.98,-0.1337,-0.0153,no_slot,1,281.045,9.3,402.68,18.7
KRE_PrevDayBreakout_D1_11,KRE,PrevDayBreakout_D1,2026-01-16 05:00:00+00:00,2026-01-23 05:00:00+00:00,68.15,65.86,-0.2314,-0.446433,no_slot,1,281.045,9.3,68.15,2.29
XAR_TwoDayBreakout_D1_12,XAR,TwoDayBreakout_D1,2026-01-20 05:00:00+00:00,2026-01-26 05:00:00+00:00,290.765,278.07,-0.8929,1.2216,no_slot,1,281.045,9.3,290.765,12.695
XLI_TwoDayBreakout_D1_12,XLI,TwoDayBreakout_D1,2026-01-20 05:00:00+00:00,2026-01-26 05:00:00+00:00,164.815,162.805,-0.2239,0.698733,no_slot,1,281.045,9.3,164.815,2.01
IEMG_MeanReversion_D1_13,IEMG,MeanReversion_D1,2026-01-21 05:00:00+00:00,2026-01-26 05:00:00+00:00,71.095,70.275,2.0,0.854,no_slot,1,128.68,7.245,71.095,0.82
EEM_MeanReversion_D1_13,EEM,MeanReversion_D1,2026-01-21 05:00:00+00:00,2026-01-27 05:00:00+00:00,58.0,57.24,2.0,0.7901,no_slot,1,128.68,7.245,58.0,0.76
XME_TwoDayBreakout_D1_13,XME,TwoDayBreakout_D1,2026-01-21 05:00:00+00:00,2026-01-27 05:00:00+00:00,128.68,121.435,-0.0414,0.78288,no_slot,1,128.68,7.245,128.68,7.245
IWD_MeanReversion_D1_13,IWD,MeanReversion_D1,2026-01-21 05:00:00+00:00,2026-01-21 05:00:00+00:00,216.92,215.57,2.0,0.5,no_slot,1,128.68,7.245,216.92,1.35
VTV_MeanReversion_D1_13,VTV,MeanReversion_D1,2026-01-21 05:00:00+00:00,2026-01-27 05:00:00+00:00,197.045,195.375,0.7036,0.5,no_slot,1,128.68,7.245,197.045,1.67
XLI_MeanReversion_D1_13,XLI,MeanReversion_D1,2026-01-21 05:00:00+00:00,2026-01-27 05:00:00+00:00,164.66,163.19,0.2721,0.5,no_slot,1,128.68,7.245,164.66,1.47
QQQ_MeanReversion_D1_13,QQQ,MeanReversion_D1,2026-01-21 05:00:00+00:00,2026-01-21 05:00:00+00:00,609.32,607.05,2.0,0.2002,no_slot,1,128.68,7.245,609.32,2.27
XLV_MeanReversion_D1_13,XLV,MeanReversion_D1,2026-01-21 05:00:00+00:00,2026-01-22 05:00:00+00:00,155.145,153.25,2.0,-1.0,no_slot,1,128.68,7.245,155.145,1.895
IWM_PrevDayBreakout_D1_14,IWM,PrevDayBreakout_D1,2026-01-22 05:00:00+00:00,2026-01-28 05:00:00+00:00,269.775,261.09,-0.7496,1.32034,no_slot,1,128.68,7.245,269.775,8.685
XME_PrevDayBreakout_D1_14,XME,PrevDayBreakout_D1,2026-01-22 05:00:00+00:00,2026-01-28 05:00:00+00:00,129.355,123.92,-0.126,1.24905,no_slot,1,128.68,7.245,129.355,5.435
XME_TwoDayBreakout_D1_14,XME,TwoDayBreakout_D1,2026-01-22 05:00:00+00:00,2026-01-28 05:00:00+00:00,129.355,121.435,-0.0865,0.78288,no_slot,1,128.68,7.245,129.355,7.92
SMH_PrevDayBreakout_D1_14,SMH,PrevDayBreakout_D1,2026-01-22 05:00:00+00:00,2026-01-28 05:00:00+00:00,408.29,389.54,0.4437,0.31955,no_slot,1,128.68,7.245,408.29,18.75
IEMG_PrevDayBreakout_D1_14,IEMG,PrevDayBreakout_D1,2026-01-22 05:00:00+00:00,2026-01-28 05:00:00+00:00,71.895,70.275,1.5772,0.227517,no_slot,1,128.68,7.245,71.895,1.62
EEM_PrevDayBreakout_D1_14,EEM,PrevDayBreakout_D1,2026-01-22 05:00:00+00:00,2026-01-28 05:00:00+00:00,58.7,57.24,1.3904,0.18675,no_slot,1,128.68,7.245,58.7,1.46
IEMG_TwoDayBreakout_D1_14,IEMG,TwoDayBreakout_D1,2026-01-22 05:00:00+00:00,2026-01-28 05:00:00+00:00,71.895,70.275,1.5772,0.141767,no_slot,1,128.68,7.245,71.895,1.62
EEM_TwoDayBreakout_D1_14,EEM,TwoDayBreakout_D1,2026-01-22 05:00:00+00:00,2026-01-28 05:00:00+00:00,58.7,57.24,1.3904,0.100733,no_slot,1,128.68,7.245,58.7,1.46
XBI_TwoDayBreakout_D1_14,XBI,TwoDayBreakout_D1,2026-01-22 05:00:00+00:00,2026-01-28 05:00:00+00:00,128.68,121.28,-0.3703,-0.35095,no_slot,1,128.68,7.245,128.68,7.4
KRE_PrevDayBreakout_D1_14,KRE,PrevDayBreakout_D1,2026-01-22 05:00:00+00:00,2026-01-28 05:00:00+00:00,70.115,66.735,-0.6879,-0.446433,no_slot,1,128.68,7.245,70.115,3.38
XLV_PrevDayBreakout_D1_14,XLV,PrevDayBreakout_D1,2026-01-22 05:00:00+00:00,2026-01-28 05:00:00+00:00,157.745,153.25,-0.7742,-0.5703,no_slot,1,128.68,7.245,157.745,4.495
IWM_PrevDayBreakout_D1_15,IWM,PrevDayBreakout_D1,2026-01-23 05:00:00+00:00,2026-01-27 05:00:00+00:00,268.995,262.95,-1.0,1.433617,no_slot,1,128.68,7.245,268.995,6.045
XME_PrevDayBreakout_D1_15,XME,PrevDayBreakout_D1,2026-01-23 05:00:00+00:00,2026-01-27 05:00:00+00:00,130.955,125.36,-1.0,1.24905,no_slot,1,128.68,7.245,130.955,5.595
XME_TwoDayBreakout_D1_15,XME,TwoDayBreakout_D1,2026-01-23 05:00:00+00:00,2026-01-29 05:00:00+00:00,130.955,123.92,-1.0,0.985733,no_slot,1,128.68,7.245,130.955,7.035
IEMG_PrevDayBreakout_D1_15,IEMG,PrevDayBreakout_D1,2026-01-23 05:00:00+00:00,2026-01-27 05:00:00+00:00,71.805,71.01,2.0,0.227517,no_slot,1,128.68,7.245,71.805,0.795
EEM_PrevDayBreakout_D1_15,EEM,PrevDayBreakout_D1,2026-01-23 05:00:00+00:00,2026-01-27 05:00:00+00:00,58.55,57.92,2.0,0.18675,no_slot,1,128.68,7.245,58.55,0.63
IEMG_TwoDayBreakout_D1_15,IEMG,TwoDayBreakout_D1,2026-01-23 05:00:00+00:00,2026-01-29 05:00:00+00:00,71.805,70.275,1.5,0.141767,no_slot,1,128.68,7.245,71.805,1.53
EEM_TwoDayBreakout_D1_15,EEM,TwoDayBreakout_D1,2026-01-23 05:00:00+00:00,2026-01-29 05:00:00+00:00,58.55,57.24,1.4504,0.100733,no_slot,1,128.68,7.245,58.55,1.31
XBI_TwoDayBreakout_D1_15,XBI,TwoDayBreakout_D1,2026-01-23 05:00:00+00:00,2026-01-29 05:00:00+00:00,130.885,121.28,-0.4315,-0.35095,no_slot,1,128.68,7.245,130.885,9.605
IWD_MeanReversion_D1_16,IWD,MeanReversion_D1,2026-01-26 05:00:00+00:00,2026-01-30 05:00:00+00:00,219.3,217.86,0.4201,1.0,no_slot,1,128.68,7.245,219.3,1.44
XLP_TwoDayBreakout_D1_16,XLP,TwoDayBreakout_D1,2026-01-26 05:00:00+00:00,2026-01-30 05:00:00+00:00,83.125,81.66,0.256,0.717383,no_slot,1,128.68,7.245,83.125,1.465
VTV_MeanReversion_D1_16,VTV,MeanReversion_D1,2026-01-26 05:00:00+00:00,2026-01-30 05:00:00+00:00,198.18,196.87,1.229,0.5,no_slot,1,128.68,7.245,198.18,1.31
XLI_MeanReversion_D1_16,XLI,MeanReversion_D1,2026-01-26 05:00:00+00:00,2026-01-27 05:00:00+00:00,164.19,163.72,-1.0,0.5,no_slot,1,128.68,7.245,164.19,0.47
IEMG_PrevDayBreakout_D1_16,IEMG,PrevDayBreakout_D1,2026-01-26 05:00:00+00:00,2026-01-27 05:00:00+00:00,72.47,71.71,2.0,0.227517,no_slot,1,128.68,7.245,72.47,0.76
EEM_PrevDayBreakout_D1_16,EEM,PrevDayBreakout_D1,2026-01-26 05:00:00+00:00,2026-01-27 05:00:00+00:00,59.05,58.505,2.0,0.18675,no_slot,1,128.68,7.245,59.05,0.545
IEMG_TwoDayBreakout_D1_16,IEMG,TwoDayBreakout_D1,2026-01-26 05:00:00+00:00,2026-01-30 05:00:00+00:00,72.47,71.01,0.0822,0.141767,no_slot,1,128.68,7.245,72.47,1.46
EEM_TwoDayBreakout_D1_16,EEM,TwoDayBreakout_D1,2026-01-26 05:00:00+00:00,2026-01-30 05:00:00+00:00,59.05,57.92,0.0619,0.100733,no_slot,1,128.68,7.245,59.05,1.13
XLV_MeanReversion_D1_16,XLV,MeanReversion_D1,2026-01-26 05:00:00+00:00,2026-01-27 05:00:00+00:00,157.35,156.66,-1.0,0.0,no_slot,1,128.68,7.245,157.35,0.69
IEMG_PrevDayBreakout_D1_17,IEMG,PrevDayBreakout_D1,2026-01-27 05:00:00+00:00,2026-02-02 05:00:00+00:00,73.45,71.655,-0.3565,0.227517,no_slot,1,42.82,0.51,73.45,1.795
EEM_PrevDayBreakout_D1_17,EEM,PrevDayBreakout_D1,2026-01-27 05:00:00+00:00,2026-02-02 05:00:00+00:00,59.965,58.44,-0.4557,0.18675,no_slot,1,42.82,0.51,59.965,1.525
IEMG_TwoDayBreakout_D1_17,IEMG,TwoDayBreakout_D1,2026-01-27 05:00:00+00:00,2026-02-02 05:00:00+00:00,73.45,71.655,-0.3565,0.141767,no_slot,1,42.82,0.51,73.45,1.795
EEM_TwoDayBreakout_D1_17,EEM,TwoDayBreakout_D1,2026-01-27 05:00:00+00:00,2026-02-02 05:00:00+00:00,59.965,58.44,-0.4557,0.100733,no_slot,1,42.82,0.51,59.965,1.525
IEMG_PrevDayBreakout_D1_18,IEMG,PrevDayBreakout_D1,2026-01-28 05:00:00+00:00,2026-01-30 05:00:00+00:00,74.57,72.435,-1.0,0.670637,no_slot,1,42.82,0.51,74.57,2.135
EEM_PrevDayBreakout_D1_18,EEM,PrevDayBreakout_D1,2026-01-28 05:00:00+00:00,2026-01-30 05:00:00+00:00,60.87,59.0,-1.0,0.640062,no_slot,1,42.82,0.51,60.87,1.87
SMH_TwoDayBreakout_D1_18,SMH,TwoDayBreakout_D1,2026-01-28 05:00:00+00:00,2026-02-03 05:00:00+00:00,414.87,396.715,-1.0,0.4701,no_slot,1,42.82,0.51,414.87,18.155
XLU_PrevDayBreakout_D1_18,XLU,PrevDayBreakout_D1,2026-01-28 05:00:00+00:00,2026-02-02 05:00:00+00:00,43.47,42.745,-1.0,0.26484,no_slot,1,42.82,0.51,43.47,0.725
SMH_PrevDayBreakout_D1_18,SMH,PrevDayBreakout_D1,2026-01-28 05:00:00+00:00,2026-02-03 05:00:00+00:00,414.87,396.715,-1.0,0.2289,no_slot,1,42.82,0.51,414.87,18.155
IEMG_TwoDayBreakout_D1_18,IEMG,TwoDayBreakout_D1,2026-01-28 05:00:00+00:00,2026-02-03 05:00:00+00:00,74.57,71.655,-0.4803,0.141767,no_slot,1,42.82,0.51,74.57,2.915
EEM_TwoDayBreakout_D1_18,EEM,TwoDayBreakout_D1,2026-01-28 05:00:00+00:00,2026-02-03 05:00:00+00:00,60.87,58.44,-0.5206,0.100733,no_slot,1,42.82,0.51,60.87,2.43
IEMG_PrevDayBreakout_D1_19,IEMG,PrevDayBreakout_D1,2026-01-29 05:00:00+00:00,2026-01-29 05:00:00+00:00,74.6,73.41,-1.0,0.771367,no_slot,1,42.82,0.51,74.6,1.19
EEM_PrevDayBreakout_D1_19,EEM,PrevDayBreakout_D1,2026-01-29 05:00:00+00:00,2026-01-29 05:00:00+00:00,60.86,59.895,-1.0,0.723433,no_slot,1,42.82,0.51,60.86,0.965
SMH_TwoDayBreakout_D1_19,SMH,TwoDayBreakout_D1,2026-01-29 05:00:00+00:00,2026-02-03 05:00:00+00:00,417.455,396.715,-1.0,0.4701,no_slot,1,42.82,0.51,417.455,20.74
IEMG_TwoDayBreakout_D1_19,IEMG,TwoDayBreakout_D1,2026-01-29 05:00:00+00:00,2026-01-30 05:00:00+00:00,74.6,72.435,-1.0,0.346829,no_slot,1,42.82,0.51,74.6,2.165
EEM_TwoDayBreakout_D1_19,EEM,TwoDayBreakout_D1,2026-01-29 05:00:00+00:00,2026-01-30 05:00:00+00:00,60.86,59.0,-1.0,0.284971,no_slot,1,42.82,0.51,60.86,1.86
SMH_PrevDayBreakout_D1_19,SMH,PrevDayBreakout_D1,2026-01-29 05:00:00+00:00,2026-01-30 05:00:00+00:00,417.455,402.28,-1.0,0.2647,no_slot,1,42.82,0.51,417.455,15.175
XLV_MeanReversion_D1_19,XLV,MeanReversion_D1,2026-01-29 05:00:00+00:00,2026-01-30 05:00:00+00:00,154.13,153.48,-1.0,-0.25,no_slot,1,42.82,0.51,154.13,0.65
QQQ_MeanReversion_D1_20,QQQ,MeanReversion_D1,2026-01-30 05:00:00+00:00,2026-02-03 05:00:00+00:00,625.575,618.38,-1.0,0.56016,no_slot,1,42.82,0.51,625.575,7.195
XLI_TwoDayBreakout_D1_20,XLI,TwoDayBreakout_D1,2026-01-30 05:00:00+00:00,2026-02-02 05:00:00+00:00,164.885,163.52,2.0,0.303114,no_slot,1,42.82,0.51,164.885,1.365
KRE_PrevDayBreakout_D1_20,KRE,PrevDayBreakout_D1,2026-01-30 05:00:00+00:00,2026-02-03 05:00:00+00:00,68.7,67.66,2.0,-0.45172,no_slot,1,42.82,0.51,68.7,1.04
XLV_PrevDayBreakout_D1_21,XLV,PrevDayBreakout_D1,2026-02-02 05:00:00+00:00,2026-02-03 05:00:00+00:00,154.62,153.5,2.0,-0.621275,no_slot,1,83.73,1.77,154.62,1.12
XLP_TwoDayBreakout_D1_22,XLP,TwoDayBreakout_D1,2026-02-03 05:00:00+00:00,2026-02-09 05:00:00+00:00,84.105,82.01,1.5919,0.651471,no_slot,1,83.73,1.77,84.105,2.095
XLI_TwoDayBreakout_D1_22,XLI,TwoDayBreakout_D1,2026-02-03 05:00:00+00:00,2026-02-09 05:00:00+00:00,167.595,163.745,1.5883,0.515225,no_slot,1,83.73,1.77,167.595,3.85
XBI_TwoDayBreakout_D1_22,XBI,TwoDayBreakout_D1,2026-02-03 05:00:00+00:00,2026-02-04 05:00:00+00:00,127.27,123.825,-1.0,-0.375925,no_slot,1,83.73,1.77,127.27,3.445
KRE_PrevDayBreakout_D1_22,KRE,PrevDayBreakout_D1,2026-02-03 05:00:00+00:00,2026-02-06 05:00:00+00:00,69.96,68.165,2.0,-0.45172,no_slot,1,83.73,1.77,69.96,1.795
XLV_PrevDayBreakout_D1_22,XLV,PrevDayBreakout_D1,2026-02-03 05:00:00+00:00,2026-02-09 05:00:00+00:00,154.92,153.3,0.8457,-0.621275,no_slot,1,83.73,1.77,154.92,1.62
XLP_TwoDayBreakout_D1_23,XLP,TwoDayBreakout_D1,2026-02-04 05:00:00+00:00,2026-02-10 05:00:00+00:00,86.225,82.03,0.2181,0.651471,no_slot,1,125.945,8.675,86.225,4.195
XAR_TwoDayBreakout_D1_23,XAR,TwoDayBreakout_D1,2026-02-04 05:00:00+00:00,2026-02-04 05:00:00+00:00,277.95,269.09,-1.0,0.548122,no_slot,1,125.945,8.675,277.95,8.86
XLI_TwoDayBreakout_D1_23,XLI,TwoDayBreakout_D1,2026-02-04 05:00:00+00:00,2026-02-10 05:00:00+00:00,169.77,163.745,0.6938,0.515225,no_slot,1,125.945,8.675,169.77,6.025
IEMG_PrevDayBreakout_D1_23,IEMG,PrevDayBreakout_D1,2026-02-04 05:00:00+00:00,2026-02-05 05:00:00+00:00,73.585,71.91,-1.0,0.38215,no_slot,1,125.945,8.675,73.585,1.675
EEM_PrevDayBreakout_D1_23,EEM,PrevDayBreakout_D1,2026-02-04 05:00:00+00:00,2026-02-04 05:00:00+00:00,59.895,58.565,-1.0,0.337933,no_slot,1,125.945,8.675,59.895,1.33
QQQ_MeanReversion_D1_23,QQQ,MeanReversion_D1,2026-02-04 05:00:00+00:00,2026-02-04 05:00:00+00:00,614.82,610.98,-1.0,0.300133,no_slot,1,125.945,8.675,614.82,3.84
KRE_PrevDayBreakout_D1_23,KRE,PrevDayBreakout_D1,2026-02-04 05:00:00+00:00,2026-02-10 05:00:00+00:00,71.84,68.6,0.2469,-0.0431,no_slot,1,125.945,8.675,71.84,3.24
XBI_TwoDayBreakout_D1_23,XBI,TwoDayBreakout_D1,2026-02-04 05:00:00+00:00,2026-02-04 05:00:00+00:00,128.04,123.825,-1.0,-0.375925,no_slot,1,125.945,8.675,128.04,4.215
XLV_MeanReversion_D1_23,XLV,MeanReversion_D1,2026-02-04 05:00:00+00:00,2026-02-04 05:00:00+00:00,154.72,153.855,2.0,-0.4,no_slot,1,125.945,8.675,154.72,0.865
KRE_PrevDayBreakout_D1_24,KRE,PrevDayBreakout_D1,2026-02-05 05:00:00+00:00,2026-02-11 05:00:00+00:00,72.03,69.94,-0.1077,-0.0431,no_slot,1,87.535,4.22,72.03,2.09
IEMG_MeanReversion_D1_25,IEMG,MeanReversion_D1,2026-02-06 05:00:00+00:00,2026-02-11 05:00:00+00:00,72.695,71.56,2.0,1.427,no_slot,1,87.535,4.22,72.695,1.135
EEM_MeanReversion_D1_25,EEM,MeanReversion_D1,2026-02-06 05:00:00+00:00,2026-02-11 05:00:00+00:00,59.245,58.22,2.0,1.39505,no_slot,1,87.535,4.22,59.245,1.025
IWD_MeanReversion_D1_25,IWD,MeanReversion_D1,2026-02-06 05:00:00+00:00,2026-02-12 05:00:00+00:00,222.045,220.08,2.0,0.855025,no_slot,1,87.535,4.22,222.045,1.965
VTV_MeanReversion_D1_25,VTV,MeanReversion_D1,2026-02-06 05:00:00+00:00,2026-02-11 05:00:00+00:00,203.76,202.02,2.0,0.73315,no_slot,1,87.535,4.22,203.76,1.74
QQQ_MeanReversion_D1_25,QQQ,MeanReversion_D1,2026-02-06 05:00:00+00:00,2026-02-06 05:00:00+00:00,600.11,594.79,2.0,0.1144,no_slot,1,87.535,4.22,600.11,5.32
XLP_TwoDayBreakout_D1_26,XLP,TwoDayBreakout_D1,2026-02-09 05:00:00+00:00,2026-02-13 05:00:00+00:00,87.93,86.225,0.915,0.820037,no_slot,1,87.535,4.22,87.93,1.705
IWM_PrevDayBreakout_D1_26,IWM,PrevDayBreakout_D1,2026-02-09 05:00:00+00:00,2026-02-13 05:00:00+00:00,264.8,255.05,-0.1918,0.741444,no_slot,1,87.535,4.22,264.8,9.75
XME_PrevDayBreakout_D1_26,XME,PrevDayBreakout_D1,2026-02-09 05:00:00+00:00,2026-02-13 05:00:00+00:00,122.42,115.27,-1.0,0.53269,no_slot,1,87.535,4.22,122.42,7.15
XLI_TwoDayBreakout_D1_26,XLI,TwoDayBreakout_D1,2026-02-09 05:00:00+00:00,2026-02-13 05:00:00+00:00,172.83,167.46,0.2514,0.515225,no_slot,1,87.535,4.22,172.83,5.37
IEMG_PrevDayBreakout_D1_26,IEMG,PrevDayBreakout_D1,2026-02-09 05:00:00+00:00,2026-02-13 05:00:00+00:00,73.62,71.56,0.6456,0.275831,no_slot,1,87.535,4.22,73.62,2.06
KRE_PrevDayBreakout_D1_26,KRE,PrevDayBreakout_D1,2026-02-09 05:00:00+00:00,2026-02-11 05:00:00+00:00,73.305,71.555,-1.0,0.248771,no_slot,1,87.535,4.22,73.305,1.75
EEM_PrevDayBreakout_D1_26,EEM,PrevDayBreakout_D1,2026-02-09 05:00:00+00:00,2026-02-13 05:00:00+00:00,59.97,58.22,0.6571,0.235015,no_slot,1,87.535,4.22,59.97,1.75
IEMG_TwoDayBreakout_D1_26,IEMG,TwoDayBreakout_D1,2026-02-09 05:00:00+00:00,2026-02-13 05:00:00+00:00,73.62,71.56,0.6456,0.1811,no_slot,1,87.535,4.22,73.62,2.06
EEM_TwoDayBreakout_D1_26,EEM,TwoDayBreakout_D1,2026-02-09 05:00:00+00:00,2026-02-13 05:00:00+00:00,59.97,58.22,0.6571,0.127567,no_slot,1,87.535,4.22,59.97,1.75
SMH_TwoDayBreakout_D1_26,SMH,TwoDayBreakout_D1,2026-02-09 05:00:00+00:00,2026-02-13 05:00:00+00:00,398.74,374.3,0.3637,0.050071,no_slot,1,87.535,4.22,398.74,24.44
SMH_PrevDayBreakout_D1_26,SMH,PrevDayBreakout_D1,2026-02-09 05:00:00+00:00,2026-02-13 05:00:00+00:00,398.74,375.64,0.3848,-0.051475,no_slot,1,87.535,4.22,398.74,23.1
XLV_PrevDayBreakout_D1_26,XLV,PrevDayBreakout_D1,2026-02-09 05:00:00+00:00,2026-02-11 05:00:00+00:00,157.78,154.69,-1.0,-0.09702,no_slot,1,87.535,4.22,157.78,3.09
IWM_PrevDayBreakout_D1_27,IWM,PrevDayBreakout_D1,2026-02-10 05:00:00+00:00,2026-02-12 05:00:00+00:00,267.225,259.6,-1.0,0.741444,no_slot,1,87.535,4.22,267.225,7.625
XLI_TwoDayBreakout_D1_27,XLI,TwoDayBreakout_D1,2026-02-10 05:00:00+00:00,2026-02-13 05:00:00+00:00,173.85,167.46,0.0516,0.634456,no_slot,1,87.535,4.22,173.85,6.39
XME_PrevDayBreakout_D1_27,XME,PrevDayBreakout_D1,2026-02-10 05:00:00+00:00,2026-02-12 05:00:00+00:00,124.84,118.59,-1.0,0.53269,no_slot,1,87.535,4.22,124.84,6.25
XME_TwoDayBreakout_D1_27,XME,TwoDayBreakout_D1,2026-02-10 05:00:00+00:00,2026-02-13 05:00:00+00:00,124.84,115.27,-1.0,0.531833,no_slot,1,87.535,4.22,124.84,9.57
XAR_TwoDayBreakout_D1_27,XAR,TwoDayBreakout_D1,2026-02-10 05:00:00+00:00,2026-02-13 05:00:00+00:00,276.37,259.5,-0.3906,0.39331,no_slot,1,87.535,4.22,276.37,16.87
IEMG_PrevDayBreakout_D1_27,IEMG,PrevDayBreakout_D1,2026-02-10 05:00:00+00:00,2026-02-13 05:00:00+00:00,74.48,72.69,0.2626,0.275831,no_slot,1,87.535,4.22,74.48,1.79
EEM_PrevDayBreakout_D1_27,EEM,PrevDayBreakout_D1,2026-02-10 05:00:00+00:00,2026-02-13 05:00:00+00:00,60.715,59.23,0.2727,0.235015,no_slot,1,87.535,4.22,60.715,1.485
IEMG_TwoDayBreakout_D1_27,IEMG,TwoDayBreakout_D1,2026-02-10 05:00:00+00:00,2026-02-13 05:00:00+00:00,74.48,71.56,0.161,0.1811,no_slot,1,87.535,4.22,74.48,2.92
EEM_TwoDayBreakout_D1_27,EEM,TwoDayBreakout_D1,2026-02-10 05:00:00+00:00,2026-02-13 05:00:00+00:00,60.715,58.22,0.1623,0.127567,no_slot,1,87.535,4.22,60.715,2.495
SMH_TwoDayBreakout_D1_27,SMH,TwoDayBreakout_D1,2026-02-10 05:00:00+00:00,2026-02-13 05:00:00+00:00,407.81,375.64,-0.0056,0.050071,no_slot,1,87.535,4.22,407.81,32.17
SMH_PrevDayBreakout_D1_27,SMH,PrevDayBreakout_D1,2026-02-10 05:00:00+00:00,2026-02-13 05:00:00+00:00,407.81,387.455,-0.0088,-0.051475,no_slot,1,87.535,4.22,407.81,20.355
XLP_TwoDayBreakout_D1_29,XLP,TwoDayBreakout_D1,2026-02-12 05:00:00+00:00,2026-02-13 05:00:00+00:00,88.52,86.825,0.5723,0.779355,no_slot,1,44.38,1.32,88.52,1.695
XLI_TwoDayBreakout_D1_29,XLI,TwoDayBreakout_D1,2026-02-12 05:00:00+00:00,2026-02-12 05:00:00+00:00,175.66,172.645,-1.0,0.64039,no_slot,1,44.38,1.32,175.66,3.015
IEMG_PrevDayBreakout_D1_29,IEMG,PrevDayBreakout_D1,2026-02-12 05:00:00+00:00,2026-02-13 05:00:00+00:00,75.795,74.145,-1.0,0.275831,no_slot,1,44.38,1.32,75.795,1.65
EEM_PrevDayBreakout_D1_29,EEM,PrevDayBreakout_D1,2026-02-12 05:00:00+00:00,2026-02-13 05:00:00+00:00,61.84,60.43,-1.0,0.235015,no_slot,1,44.38,1.32,61.84,1.41
IEMG_TwoDayBreakout_D1_29,IEMG,TwoDayBreakout_D1,2026-02-12 05:00:00+00:00,2026-02-13 05:00:00+00:00,75.795,73.55,-0.3764,0.1811,no_slot,1,44.38,1.32,75.795,2.245
EEM_TwoDayBreakout_D1_29,EEM,TwoDayBreakout_D1,2026-02-12 05:00:00+00:00,2026-02-13 05:00:00+00:00,61.84,59.915,-0.374,0.127567,no_slot,1,44.38,1.32,61.84,1.925
SMH_TwoDayBreakout_D1_29,SMH,TwoDayBreakout_D1,2026-02-12 05:00:00+00:00,2026-02-13 05:00:00+00:00,418.05,397.01,-0.4952,0.050071,no_slot,1,44.38,1.32,418.05,21.04
XLU_PrevDayBreakout_D1_29,XLU,PrevDayBreakout_D1,2026-02-12 05:00:00+00:00,2026-02-13 05:00:00+00:00,44.75,43.555,1.4644,-0.013914,no_slot,1,44.38,1.32,44.75,1.195
SMH_PrevDayBreakout_D1_29,SMH,PrevDayBreakout_D1,2026-02-12 05:00:00+00:00,2026-02-13 05:00:00+00:00,418.05,401.91,-0.6456,-0.051475,no_slot,1,44.38,1.32,418.05,16.14
VTV_MeanReversion_D1_30,VTV,MeanReversion_D1,2026-02-13 05:00:00+00:00,2026-02-13 05:00:00+00:00,204.56,204.49,-1.0,0.98652,no_slot,1,222.305,0.335,204.56,0.07
XLP_TwoDayBreakout_D1_30,XLP,TwoDayBreakout_D1,2026-02-13 05:00:00+00:00,2026-02-13 05:00:00+00:00,89.065,86.74,0.1828,0.779355,no_slot,1,222.305,0.335,89.065,2.325
QQQ_MeanReversion_D1_30,QQQ,MeanReversion_D1,2026-02-13 05:00:00+00:00,2026-02-13 05:00:00+00:00,600.38,599.58,-1.0,0.3501,no_slot,1,222.305,0.335,600.38,0.8
XLI_MeanReversion_D1_30,XLI,MeanReversion_D1,2026-02-13 05:00:00+00:00,2026-02-13 05:00:00+00:00,173.275,172.46,2.0,0.068025,no_slot,1,222.305,0.335,173.275,0.815
XLU_PrevDayBreakout_D1_30,XLU,PrevDayBreakout_D1,2026-02-13 05:00:00+00:00,2026-02-13 05:00:00+00:00,45.22,44.135,1.1797,-0.013914,no_slot,1,222.305,0.335,45.22,1.085
