symbol,setup_name,signal_ts,entry_ts,entry_price,stop_price,target_price,exit_ts,exit_price,exit_reason,r_multiple,outcome,signal_id,entry_notional_usd,risk_to_stop_usd
EEM,MeanReversion_D1,2025-05-28T00:00:00-04:00,2025-05-29T00:00:00-04:00,46.32,45.87,47.22,2025-05-30T00:00:00-04:00,45.87,SL hit,-1.0,loss,EEM_MeanReversion_D1_2,23.16,0.22500000000000142
EEM,MeanReversion_D1,2025-05-30T00:00:00-04:00,2025-06-02T00:00:00-04:00,45.69,45.24,46.59,2025-06-05T00:00:00-04:00,46.59,TP hit,2.0,win,EEM_MeanReversion_D1_4,22.845,0.22499999999999787
EEM,MeanReversion_D1,2025-06-13T00:00:00-04:00,2025-06-16T00:00:00-04:00,47.18,46.98,47.58,2025-06-17T00:00:00-04:00,46.98,SL hit,-1.0,loss,EEM_MeanReversion_D1_14,23.59,0.10000000000000142
EEM,MeanReversion_D1,2025-06-17T00:00:00-04:00,2025-06-18T00:00:00-04:00,46.62,46.54,46.78,2025-06-18T00:00:00-04:00,46.54,SL hit,-1.0,loss,EEM_MeanReversion_D1_16,23.31,0.03999999999999915
EEM,MeanReversion_D1,2025-07-07T00:00:00-04:00,2025-07-08T00:00:00-04:00,48.37,47.96,49.19,2025-07-14T00:00:00-04:00,48.34,time stop loss,-0.0732,loss,EEM_MeanReversion_D1_28,24.185,0.2049999999999983
EEM,MeanReversion_D1,2025-07-28T00:00:00-04:00,2025-07-29T00:00:00-04:00,49.29,49.095,49.68,2025-07-30T00:00:00-04:00,49.095,SL hit,-1.0,loss,EEM_MeanReversion_D1_43,24.645,0.09750000000000014
EEM,MeanReversion_D1,2025-08-01T00:00:00-04:00,2025-08-04T00:00:00-04:00,48.735,47.99,50.225,2025-08-08T00:00:00-04:00,49.43,time stop win,0.9329,win,EEM_MeanReversion_D1_47,24.3675,0.3724999999999987
EEM,MeanReversion_D1,2025-08-14T00:00:00-04:00,2025-08-15T00:00:00-04:00,50.03,49.74,50.61,2025-08-20T00:00:00-04:00,49.74,SL hit,-1.0,loss,EEM_MeanReversion_D1_56,25.015,0.14499999999999957
EEM,MeanReversion_D1,2025-08-20T00:00:00-04:00,2025-08-21T00:00:00-04:00,49.58,49.45,49.84,2025-08-22T00:00:00-04:00,49.84,TP hit,2.0,win,EEM_MeanReversion_D1_60,24.79,0.06499999999999773
EEM,MeanReversion_D1,2025-08-27T00:00:00-04:00,2025-08-28T00:00:00-04:00,49.86,49.595,50.39,2025-09-02T00:00:00-04:00,49.595,SL hit,-1.0,loss,EEM_MeanReversion_D1_65,24.93,0.13250000000000028
EEM,MeanReversion_D1,2025-09-04T00:00:00-04:00,2025-09-05T00:00:00-04:00,50.54,49.54,52.54,2025-09-11T00:00:00-04:00,52.27,time stop win,1.73,win,EEM_MeanReversion_D1_70,25.27,0.5
EEM,MeanReversion_D1,2025-10-07T00:00:00-04:00,2025-10-08T00:00:00-04:00,54.13,54.025,54.34,2025-10-08T00:00:00-04:00,54.34,TP hit,2.0,win,EEM_MeanReversion_D1_93,27.065,0.05250000000000199
EEM,MeanReversion_D1,2025-10-09T00:00:00-04:00,2025-10-10T00:00:00-04:00,53.96,53.81,54.26,2025-10-10T00:00:00-04:00,53.81,SL hit,-1.0,loss,EEM_MeanReversion_D1_95,26.98,0.07499999999999929
EEM,MeanReversion_D1,2025-10-10T00:00:00-04:00,2025-10-13T00:00:00-04:00,53.44,51.825,56.67,2025-10-17T00:00:00-04:00,54.18,time stop win,0.4582,win,EEM_MeanReversion_D1_96,26.72,0.8074999999999974
EEM,MeanReversion_D1,2025-10-14T00:00:00-04:00,2025-10-15T00:00:00-04:00,53.85,52.535,56.48,2025-10-21T00:00:00-04:00,54.315,time stop win,0.3536,win,EEM_MeanReversion_D1_98,26.925,0.6575000000000024
EEM,MeanReversion_D1,2025-10-21T00:00:00-04:00,2025-10-22T00:00:00-04:00,54.43,54.315,54.66,2025-10-22T00:00:00-04:00,54.315,SL hit,-1.0,loss,EEM_MeanReversion_D1_103,27.215,0.057500000000000995
EEM,MeanReversion_D1,2025-10-22T00:00:00-04:00,2025-10-23T00:00:00-04:00,54.49,54.01,55.45,2025-10-27T00:00:00-04:00,55.45,TP hit,2.0,win,EEM_MeanReversion_D1_104,27.245,0.240000000000002
EEM,MeanReversion_D1,2025-10-30T00:00:00-04:00,2025-10-31T00:00:00-04:00,55.34,55.32,55.38,2025-10-31T00:00:00-04:00,55.32,SL hit,-1.0,loss,EEM_MeanReversion_D1_110,27.67,0.010000000000001563
EEM,MeanReversion_D1,2025-10-31T00:00:00-04:00,2025-11-03T00:00:00-05:00,55.69,55.04,56.99,2025-11-04T00:00:00-05:00,55.04,SL hit,-1.0,loss,EEM_MeanReversion_D1_111,27.845,0.3249999999999993
EEM,MeanReversion_D1,2025-11-04T00:00:00-05:00,2025-11-05T00:00:00-05:00,54.64,54.61,54.7,2025-11-05T00:00:00-05:00,54.7,TP hit,2.0,win,EEM_MeanReversion_D1_113,27.32,0.015000000000000568
EEM,MeanReversion_D1,2025-11-18T00:00:00-05:00,2025-11-19T00:00:00-05:00,53.84,53.675,54.17,2025-11-19T00:00:00-05:00,53.675,SL hit,-1.0,loss,EEM_MeanReversion_D1_123,26.92,0.08250000000000313
EEM,MeanReversion_D1,2025-12-12T00:00:00-05:00,2025-12-15T00:00:00-05:00,54.57,54.105,55.5,2025-12-15T00:00:00-05:00,54.105,SL hit,-1.0,loss,EEM_MeanReversion_D1_140,27.285,0.2325000000000017
EEM,MeanReversion_D1,2025-12-16T00:00:00-05:00,2025-12-17T00:00:00-05:00,53.255,52.77,54.225,2025-12-17T00:00:00-05:00,52.77,SL hit,-1.0,loss,EEM_MeanReversion_D1_142,26.6275,0.24249999999999972
EEM,MeanReversion_D1,2025-12-17T00:00:00-05:00,2025-12-18T00:00:00-05:00,53.28,52.58,54.68,2025-12-24T00:00:00-05:00,54.4,time stop win,1.6,win,EEM_MeanReversion_D1_143,26.64,0.3500000000000014
EEM,MeanReversion_D1,2025-12-31T00:00:00-05:00,2026-01-02T00:00:00-05:00,55.89,54.675,58.32,2026-01-08T00:00:00-05:00,56.85,time stop win,0.7901,win,EEM_MeanReversion_D1_152,27.945,0.6075000000000017
EEM,MeanReversion_D1,2026-01-20T00:00:00-05:00,2026-01-21T00:00:00-05:00,58.0,57.24,59.52,2026-01-27T00:00:00-05:00,59.52,TP hit,2.0,win,EEM_MeanReversion_D1_164,29.0,0.379999999999999
EEM,MeanReversion_D1,2026-02-05T00:00:00-05:00,2026-02-06T00:00:00-05:00,59.245,58.22,61.295,2026-02-11T00:00:00-05:00,61.295,TP hit,2.0,win,EEM_MeanReversion_D1_176,29.6225,0.5124999999999993
EEM,PrevDayBreakout_D1,2025-06-02T00:00:00-04:00,2025-06-03T00:00:00-04:00,45.84,45.24,47.04,2025-06-09T00:00:00-04:00,47.04,TP hit,2.0,win,EEM_PrevDayBreakout_D1_5,22.92,0.3000000000000007
EEM,PrevDayBreakout_D1,2025-06-03T00:00:00-04:00,2025-06-04T00:00:00-04:00,46.395,45.53,48.125,2025-06-10T00:00:00-04:00,47.6,time stop win,1.3931,win,EEM_PrevDayBreakout_D1_6,23.1975,0.432500000000001
EEM,PrevDayBreakout_D1,2025-06-04T00:00:00-04:00,2025-06-05T00:00:00-04:00,46.925,45.76,49.255,2025-06-11T00:00:00-04:00,47.81,time stop win,0.7597,win,EEM_PrevDayBreakout_D1_7,23.4625,0.5824999999999996
EEM,PrevDayBreakout_D1,2025-06-05T00:00:00-04:00,2025-06-06T00:00:00-04:00,46.81,46.36,47.71,2025-06-11T00:00:00-04:00,47.71,TP hit,2.0,win,EEM_PrevDayBreakout_D1_8,23.405,0.22500000000000142
EEM,PrevDayBreakout_D1,2025-06-09T00:00:00-04:00,2025-06-10T00:00:00-04:00,47.54,46.72,49.18,2025-06-16T00:00:00-04:00,47.23,time stop loss,-0.378,loss,EEM_PrevDayBreakout_D1_10,23.77,0.41000000000000014
EEM,PrevDayBreakout_D1,2025-06-10T00:00:00-04:00,2025-06-11T00:00:00-04:00,47.83,47.115,49.26,2025-06-13T00:00:00-04:00,47.115,SL hit,-1.0,loss,EEM_PrevDayBreakout_D1_11,23.915,0.35749999999999815
EEM,PrevDayBreakout_D1,2025-06-11T00:00:00-04:00,2025-06-12T00:00:00-04:00,47.74,47.35,48.52,2025-06-13T00:00:00-04:00,47.35,SL hit,-1.0,loss,EEM_PrevDayBreakout_D1_12,23.87,0.19500000000000028
EEM,PrevDayBreakout_D1,2025-06-24T00:00:00-04:00,2025-06-25T00:00:00-04:00,47.9,46.16,51.38,2025-07-01T00:00:00-04:00,48.35,time stop win,0.2586,win,EEM_PrevDayBreakout_D1_20,23.95,0.870000000000001
EEM,PrevDayBreakout_D1,2025-06-25T00:00:00-04:00,2025-06-26T00:00:00-04:00,48.175,47.415,49.695,2025-07-02T00:00:00-04:00,48.53,time stop win,0.4671,win,EEM_PrevDayBreakout_D1_21,24.0875,0.379999999999999
EEM,PrevDayBreakout_D1,2025-06-26T00:00:00-04:00,2025-06-27T00:00:00-04:00,48.075,47.83,48.565,2025-07-03T00:00:00-04:00,48.565,TP hit,2.0,win,EEM_PrevDayBreakout_D1_22,24.0375,0.12250000000000227
EEM,PrevDayBreakout_D1,2025-07-01T00:00:00-04:00,2025-07-02T00:00:00-04:00,48.17,47.9,48.71,2025-07-03T00:00:00-04:00,48.71,TP hit,2.0,win,EEM_PrevDayBreakout_D1_25,24.085,0.13500000000000156
EEM,PrevDayBreakout_D1,2025-07-02T00:00:00-04:00,2025-07-03T00:00:00-04:00,48.59,48.2,49.37,2025-07-07T00:00:00-04:00,48.2,SL hit,-1.0,loss,EEM_PrevDayBreakout_D1_26,24.295,0.19500000000000028
EEM,PrevDayBreakout_D1,2025-07-03T00:00:00-04:00,2025-07-07T00:00:00-04:00,48.28,48.13,48.58,2025-07-07T00:00:00-04:00,48.13,SL hit,-1.0,loss,EEM_PrevDayBreakout_D1_27,24.14,0.07499999999999929
EEM,PrevDayBreakout_D1,2025-07-10T00:00:00-04:00,2025-07-11T00:00:00-04:00,48.365,48.16,48.775,2025-07-15T00:00:00-04:00,48.775,TP hit,2.0,win,EEM_PrevDayBreakout_D1_31,24.1825,0.1025000000000027
EEM,PrevDayBreakout_D1,2025-07-15T00:00:00-04:00,2025-07-16T00:00:00-04:00,48.67,48.21,49.59,2025-07-21T00:00:00-04:00,49.59,TP hit,2.0,win,EEM_PrevDayBreakout_D1_34,24.335,0.23000000000000043
EEM,PrevDayBreakout_D1,2025-07-16T00:00:00-04:00,2025-07-17T00:00:00-04:00,48.85,48.615,49.32,2025-07-18T00:00:00-04:00,49.32,TP hit,2.0,win,EEM_PrevDayBreakout_D1_35,24.425,0.11749999999999972
EEM,PrevDayBreakout_D1,2025-07-17T00:00:00-04:00,2025-07-18T00:00:00-04:00,49.33,48.475,51.04,2025-07-24T00:00:00-04:00,49.66,time stop win,0.386,win,EEM_PrevDayBreakout_D1_36,24.665,0.42749999999999844
EEM,PrevDayBreakout_D1,2025-07-23T00:00:00-04:00,2025-07-24T00:00:00-04:00,49.78,49.05,51.24,2025-07-30T00:00:00-04:00,49.05,SL hit,-1.0,loss,EEM_PrevDayBreakout_D1_40,24.89,0.365000000000002
EEM,PrevDayBreakout_D1,2025-08-04T00:00:00-04:00,2025-08-05T00:00:00-04:00,48.95,47.99,50.87,2025-08-11T00:00:00-04:00,49.295,time stop win,0.3594,win,EEM_PrevDayBreakout_D1_48,24.475,0.4800000000000004
EEM,PrevDayBreakout_D1,2025-08-05T00:00:00-04:00,2025-08-06T00:00:00-04:00,48.9,48.56,49.58,2025-08-07T00:00:00-04:00,49.58,TP hit,2.0,win,EEM_PrevDayBreakout_D1_49,24.45,0.16999999999999815
EEM,PrevDayBreakout_D1,2025-08-06T00:00:00-04:00,2025-08-07T00:00:00-04:00,49.6,48.74,51.32,2025-08-13T00:00:00-04:00,50.51,time stop win,1.0581,win,EEM_PrevDayBreakout_D1_50,24.8,0.4299999999999997
EEM,PrevDayBreakout_D1,2025-08-07T00:00:00-04:00,2025-08-08T00:00:00-04:00,49.33,48.8,50.39,2025-08-13T00:00:00-04:00,50.39,TP hit,2.0,win,EEM_PrevDayBreakout_D1_51,24.665,0.26500000000000057
EEM,PrevDayBreakout_D1,2025-08-12T00:00:00-04:00,2025-08-13T00:00:00-04:00,50.45,49.24,52.87,2025-08-19T00:00:00-04:00,49.805,time stop loss,-0.5331,loss,EEM_PrevDayBreakout_D1_54,25.225,0.6050000000000004
EEM,PrevDayBreakout_D1,2025-08-13T00:00:00-04:00,2025-08-14T00:00:00-04:00,49.88,49.49,50.66,2025-08-20T00:00:00-04:00,49.49,SL hit,-1.0,loss,EEM_PrevDayBreakout_D1_55,24.94,0.19500000000000028
EEM,PrevDayBreakout_D1,2025-08-18T00:00:00-04:00,2025-08-19T00:00:00-04:00,50.1,49.89,50.52,2025-08-19T00:00:00-04:00,49.89,SL hit,-1.0,loss,EEM_PrevDayBreakout_D1_58,25.05,0.10500000000000043
EEM,PrevDayBreakout_D1,2025-08-22T00:00:00-04:00,2025-08-25T00:00:00-04:00,50.545,49.54,52.555,2025-08-29T00:00:00-04:00,49.85,time stop loss,-0.6915,loss,EEM_PrevDayBreakout_D1_62,25.2725,0.5025000000000013
EEM,PrevDayBreakout_D1,2025-08-28T00:00:00-04:00,2025-08-29T00:00:00-04:00,49.81,49.595,50.24,2025-09-02T00:00:00-04:00,49.595,SL hit,-1.0,loss,EEM_PrevDayBreakout_D1_66,24.905,0.1075000000000017
EEM,PrevDayBreakout_D1,2025-09-03T00:00:00-04:00,2025-09-04T00:00:00-04:00,49.69,49.35,50.37,2025-09-05T00:00:00-04:00,50.37,TP hit,2.0,win,EEM_PrevDayBreakout_D1_69,24.845,0.16999999999999815
EEM,PrevDayBreakout_D1,2025-09-05T00:00:00-04:00,2025-09-08T00:00:00-04:00,50.72,49.54,53.08,2025-09-12T00:00:00-04:00,52.265,time stop win,1.3093,win,EEM_PrevDayBreakout_D1_71,25.36,0.5899999999999999
EEM,PrevDayBreakout_D1,2025-09-08T00:00:00-04:00,2025-09-09T00:00:00-04:00,51.11,50.18,52.97,2025-09-15T00:00:00-04:00,52.655,time stop win,1.6613,win,EEM_PrevDayBreakout_D1_72,25.555,0.46499999999999986
EEM,PrevDayBreakout_D1,2025-09-09T00:00:00-04:00,2025-09-10T00:00:00-04:00,51.6,50.63,53.54,2025-09-16T00:00:00-04:00,53.03,time stop win,1.4742,win,EEM_PrevDayBreakout_D1_73,25.8,0.48499999999999943
EEM,PrevDayBreakout_D1,2025-09-10T00:00:00-04:00,2025-09-11T00:00:00-04:00,51.895,51.1,53.485,2025-09-17T00:00:00-04:00,53.485,TP hit,2.0,win,EEM_PrevDayBreakout_D1_74,25.9475,0.39750000000000085
EEM,PrevDayBreakout_D1,2025-09-11T00:00:00-04:00,2025-09-12T00:00:00-04:00,52.33,51.505,53.98,2025-09-18T00:00:00-04:00,53.115,time stop win,0.9515,win,EEM_PrevDayBreakout_D1_75,26.165,0.41249999999999787
EEM,PrevDayBreakout_D1,2025-09-15T00:00:00-04:00,2025-09-16T00:00:00-04:00,52.88,52.185,54.27,2025-09-22T00:00:00-04:00,53.25,time stop win,0.5324,win,EEM_PrevDayBreakout_D1_77,26.44,0.34750000000000014
EEM,PrevDayBreakout_D1,2025-09-16T00:00:00-04:00,2025-09-17T00:00:00-04:00,53.27,52.49,54.83,2025-09-23T00:00:00-04:00,53.3,time stop win,0.0385,win,EEM_PrevDayBreakout_D1_78,26.635,0.39000000000000057
EEM,PrevDayBreakout_D1,2025-09-17T00:00:00-04:00,2025-09-18T00:00:00-04:00,52.91,52.765,53.2,2025-09-22T00:00:00-04:00,53.2,TP hit,2.0,win,EEM_PrevDayBreakout_D1_79,26.455,0.07249999999999801
EEM,PrevDayBreakout_D1,2025-09-22T00:00:00-04:00,2025-09-23T00:00:00-04:00,53.32,52.915,54.13,2025-09-25T00:00:00-04:00,52.915,SL hit,-1.0,loss,EEM_PrevDayBreakout_D1_82,26.66,0.20250000000000057
EEM,PrevDayBreakout_D1,2025-09-23T00:00:00-04:00,2025-09-24T00:00:00-04:00,53.26,52.98,53.82,2025-09-25T00:00:00-04:00,52.98,SL hit,-1.0,loss,EEM_PrevDayBreakout_D1_83,26.63,0.14000000000000057
EEM,PrevDayBreakout_D1,2025-09-29T00:00:00-04:00,2025-09-30T00:00:00-04:00,53.335,52.345,55.315,2025-10-06T00:00:00-04:00,54.48,time stop win,1.1566,win,EEM_PrevDayBreakout_D1_87,26.6675,0.495000000000001
EEM,PrevDayBreakout_D1,2025-10-01T00:00:00-04:00,2025-10-02T00:00:00-04:00,54.34,53.195,56.63,2025-10-08T00:00:00-04:00,54.48,time stop win,0.1223,win,EEM_PrevDayBreakout_D1_89,27.17,0.5725000000000016
EEM,PrevDayBreakout_D1,2025-10-02T00:00:00-04:00,2025-10-03T00:00:00-04:00,54.33,53.59,55.81,2025-10-09T00:00:00-04:00,53.93,time stop loss,-0.5405,loss,EEM_PrevDayBreakout_D1_90,27.165,0.36999999999999744
EEM,PrevDayBreakout_D1,2025-10-06T00:00:00-04:00,2025-10-07T00:00:00-04:00,54.68,54.065,55.91,2025-10-07T00:00:00-04:00,54.065,SL hit,-1.0,loss,EEM_PrevDayBreakout_D1_92,27.34,0.307500000000001
EEM,PrevDayBreakout_D1,2025-10-15T00:00:00-04:00,2025-10-16T00:00:00-04:00,54.32,52.535,57.89,2025-10-22T00:00:00-04:00,54.27,time stop loss,-0.028,loss,EEM_PrevDayBreakout_D1_99,27.16,0.8925000000000018
EEM,PrevDayBreakout_D1,2025-10-16T00:00:00-04:00,2025-10-17T00:00:00-04:00,53.83,53.52,54.45,2025-10-20T00:00:00-04:00,54.45,TP hit,2.0,win,EEM_PrevDayBreakout_D1_100,26.915,0.15499999999999758
EEM,PrevDayBreakout_D1,2025-10-20T00:00:00-04:00,2025-10-21T00:00:00-04:00,54.59,53.805,56.16,2025-10-27T00:00:00-04:00,55.73,time stop win,1.4522,win,EEM_PrevDayBreakout_D1_102,27.295,0.39250000000000185
EEM,PrevDayBreakout_D1,2025-10-23T00:00:00-04:00,2025-10-24T00:00:00-04:00,55.17,54.01,57.49,2025-10-30T00:00:00-04:00,55.415,time stop win,0.2112,win,EEM_PrevDayBreakout_D1_105,27.585,0.5800000000000018
EEM,PrevDayBreakout_D1,2025-10-24T00:00:00-04:00,2025-10-27T00:00:00-04:00,55.71,54.47,58.19,2025-10-31T00:00:00-04:00,55.3,time stop loss,-0.3306,loss,EEM_PrevDayBreakout_D1_106,27.855,0.620000000000001
EEM,PrevDayBreakout_D1,2025-10-27T00:00:00-04:00,2025-10-28T00:00:00-04:00,55.37,55.01,56.09,2025-10-29T00:00:00-04:00,56.09,TP hit,2.0,win,EEM_PrevDayBreakout_D1_107,27.685,0.17999999999999972
EEM,PrevDayBreakout_D1,2025-10-29T00:00:00-04:00,2025-10-30T00:00:00-04:00,55.44,55.335,55.65,2025-10-30T00:00:00-04:00,55.335,SL hit,-1.0,loss,EEM_PrevDayBreakout_D1_109,27.72,0.05249999999999844
EEM,PrevDayBreakout_D1,2025-11-05T00:00:00-05:00,2025-11-06T00:00:00-05:00,55.07,54.61,55.99,2025-11-06T00:00:00-05:00,54.61,SL hit,-1.0,loss,EEM_PrevDayBreakout_D1_114,27.535,0.23000000000000043
EEM,PrevDayBreakout_D1,2025-11-10T00:00:00-05:00,2025-11-11T00:00:00-05:00,55.515,53.81,58.925,2025-11-17T00:00:00-05:00,54.3,time stop loss,-0.7126,loss,EEM_PrevDayBreakout_D1_117,27.7575,0.8524999999999991
EEM,PrevDayBreakout_D1,2025-11-11T00:00:00-05:00,2025-11-12T00:00:00-05:00,55.655,55.1,56.765,2025-11-13T00:00:00-05:00,55.1,SL hit,-1.0,loss,EEM_PrevDayBreakout_D1_118,27.8275,0.27749999999999986
EEM,PrevDayBreakout_D1,2025-11-24T00:00:00-05:00,2025-11-25T00:00:00-05:00,53.63,52.38,56.13,2025-12-02T00:00:00-05:00,54.285,time stop win,0.524,win,EEM_PrevDayBreakout_D1_127,26.815,0.625
EEM,PrevDayBreakout_D1,2025-11-25T00:00:00-05:00,2025-11-26T00:00:00-05:00,54.11,53.125,56.08,2025-12-03T00:00:00-05:00,54.34,time stop win,0.2335,win,EEM_PrevDayBreakout_D1_128,27.055,0.4924999999999997
EEM,PrevDayBreakout_D1,2025-11-26T00:00:00-05:00,2025-11-28T00:00:00-05:00,54.16,53.215,56.05,2025-12-04T00:00:00-05:00,54.34,time stop win,0.1905,win,EEM_PrevDayBreakout_D1_129,27.08,0.4724999999999966
EEM,PrevDayBreakout_D1,2025-11-28T00:00:00-05:00,2025-12-01T00:00:00-05:00,54.16,53.96,54.56,2025-12-05T00:00:00-05:00,54.56,TP hit,2.0,win,EEM_PrevDayBreakout_D1_130,27.08,0.09999999999999787
EEM,PrevDayBreakout_D1,2025-12-05T00:00:00-05:00,2025-12-08T00:00:00-05:00,54.865,54.19,56.215,2025-12-12T00:00:00-05:00,54.19,SL hit,-1.0,loss,EEM_PrevDayBreakout_D1_135,27.4325,0.33750000000000213
EEM,PrevDayBreakout_D1,2025-12-10T00:00:00-05:00,2025-12-11T00:00:00-05:00,54.7,54.25,55.6,2025-12-12T00:00:00-05:00,54.25,SL hit,-1.0,loss,EEM_PrevDayBreakout_D1_138,27.35,0.22500000000000142
EEM,PrevDayBreakout_D1,2025-12-19T00:00:00-05:00,2025-12-22T00:00:00-05:00,53.98,53.155,55.63,2025-12-29T00:00:00-05:00,54.665,time stop win,0.8303,win,EEM_PrevDayBreakout_D1_145,26.99,0.41249999999999787
EEM,PrevDayBreakout_D1,2025-12-22T00:00:00-05:00,2025-12-23T00:00:00-05:00,53.97,53.505,54.9,2025-12-30T00:00:00-05:00,54.9,TP hit,2.0,win,EEM_PrevDayBreakout_D1_146,26.985,0.23249999999999815
EEM,PrevDayBreakout_D1,2025-12-23T00:00:00-05:00,2025-12-24T00:00:00-05:00,54.41,53.885,55.46,2025-12-31T00:00:00-05:00,54.7,time stop win,0.5524,win,EEM_PrevDayBreakout_D1_147,27.205,0.2624999999999993
EEM,PrevDayBreakout_D1,2025-12-24T00:00:00-05:00,2025-12-26T00:00:00-05:00,54.6,53.9,56.0,2026-01-02T00:00:00-05:00,56.0,TP hit,2.0,win,EEM_PrevDayBreakout_D1_148,27.3,0.3500000000000014
EEM,PrevDayBreakout_D1,2025-12-26T00:00:00-05:00,2025-12-29T00:00:00-05:00,54.515,54.35,54.845,2025-12-30T00:00:00-05:00,54.845,TP hit,2.0,win,EEM_PrevDayBreakout_D1_149,27.2575,0.08249999999999957
EEM,PrevDayBreakout_D1,2025-12-30T00:00:00-05:00,2025-12-31T00:00:00-05:00,54.9,54.435,55.83,2026-01-02T00:00:00-05:00,55.83,TP hit,2.0,win,EEM_PrevDayBreakout_D1_151,27.45,0.23249999999999815
EEM,PrevDayBreakout_D1,2026-01-02T00:00:00-05:00,2026-01-05T00:00:00-05:00,56.59,54.675,60.42,2026-01-09T00:00:00-05:00,57.13,time stop win,0.282,win,EEM_PrevDayBreakout_D1_153,28.295,0.9575000000000031
EEM,PrevDayBreakout_D1,2026-01-05T00:00:00-05:00,2026-01-06T00:00:00-05:00,57.185,55.825,59.905,2026-01-12T00:00:00-05:00,57.925,time stop win,0.5441,win,EEM_PrevDayBreakout_D1_154,28.5925,0.6799999999999997
EEM,PrevDayBreakout_D1,2026-01-06T00:00:00-05:00,2026-01-07T00:00:00-05:00,57.04,56.36,58.4,2026-01-13T00:00:00-05:00,57.51,time stop win,0.6912,win,EEM_PrevDayBreakout_D1_155,28.52,0.33999999999999986
EEM,PrevDayBreakout_D1,2026-01-09T00:00:00-05:00,2026-01-12T00:00:00-05:00,57.24,56.625,58.47,2026-01-16T00:00:00-05:00,57.86,time stop win,1.0081,win,EEM_PrevDayBreakout_D1_158,28.62,0.307500000000001
EEM,PrevDayBreakout_D1,2026-01-12T00:00:00-05:00,2026-01-13T00:00:00-05:00,57.755,56.73,59.805,2026-01-20T00:00:00-05:00,57.34,time stop loss,-0.4049,loss,EEM_PrevDayBreakout_D1_159,28.8775,0.5125000000000028
EEM,PrevDayBreakout_D1,2026-01-15T00:00:00-05:00,2026-01-16T00:00:00-05:00,57.97,57.45,59.01,2026-01-20T00:00:00-05:00,57.45,SL hit,-1.0,loss,EEM_PrevDayBreakout_D1_162,28.985,0.259999999999998
EEM,PrevDayBreakout_D1,2026-01-21T00:00:00-05:00,2026-01-22T00:00:00-05:00,58.7,57.24,61.62,2026-01-28T00:00:00-05:00,60.73,time stop win,1.3904,win,EEM_PrevDayBreakout_D1_165,29.35,0.7300000000000004
EEM,PrevDayBreakout_D1,2026-01-22T00:00:00-05:00,2026-01-23T00:00:00-05:00,58.55,57.92,59.81,2026-01-27T00:00:00-05:00,59.81,TP hit,2.0,win,EEM_PrevDayBreakout_D1_166,29.275,0.3149999999999977
EEM,PrevDayBreakout_D1,2026-01-23T00:00:00-05:00,2026-01-26T00:00:00-05:00,59.05,58.505,60.14,2026-01-27T00:00:00-05:00,60.14,TP hit,2.0,win,EEM_PrevDayBreakout_D1_167,29.525,0.2724999999999973
EEM,PrevDayBreakout_D1,2026-01-26T00:00:00-05:00,2026-01-27T00:00:00-05:00,59.965,58.44,63.015,2026-02-02T00:00:00-05:00,59.27,time stop loss,-0.4557,loss,EEM_PrevDayBreakout_D1_168,29.9825,0.7625000000000028
EEM,PrevDayBreakout_D1,2026-01-27T00:00:00-05:00,2026-01-28T00:00:00-05:00,60.87,59.0,64.61,2026-01-30T00:00:00-05:00,59.0,SL hit,-1.0,loss,EEM_PrevDayBreakout_D1_169,30.435,0.9349999999999987
EEM,PrevDayBreakout_D1,2026-01-28T00:00:00-05:00,2026-01-29T00:00:00-05:00,60.86,59.895,62.79,2026-01-29T00:00:00-05:00,59.895,SL hit,-1.0,loss,EEM_PrevDayBreakout_D1_170,30.43,0.48249999999999815
EEM,PrevDayBreakout_D1,2026-02-03T00:00:00-05:00,2026-02-04T00:00:00-05:00,59.895,58.565,62.555,2026-02-04T00:00:00-05:00,58.565,SL hit,-1.0,loss,EEM_PrevDayBreakout_D1_174,29.9475,0.6650000000000027
EEM,PrevDayBreakout_D1,2026-02-06T00:00:00-05:00,2026-02-09T00:00:00-05:00,59.97,58.22,63.47,2026-02-12T00:00:00-05:00,60.845,time stop win,0.5,win,EEM_PrevDayBreakout_D1_177,29.985,0.875
EEM,PrevDayBreakout_D1,2026-02-09T00:00:00-05:00,2026-02-10T00:00:00-05:00,60.715,59.23,63.685,2026-02-12T00:00:00-05:00,60.845,time stop win,0.0875,win,EEM_PrevDayBreakout_D1_178,30.3575,0.7425000000000033
EEM,PrevDayBreakout_D1,2026-02-11T00:00:00-05:00,2026-02-12T00:00:00-05:00,61.84,60.43,64.66,2026-02-12T00:00:00-05:00,60.845,time stop loss,-0.7057,loss,EEM_PrevDayBreakout_D1_180,30.92,0.7050000000000018
EEM,TwoDayBreakout_D1,2025-06-03T00:00:00-04:00,2025-06-04T00:00:00-04:00,46.395,45.24,48.705,2025-06-10T00:00:00-04:00,47.6,time stop win,1.0433,win,EEM_TwoDayBreakout_D1_6,23.1975,0.5775000000000006
EEM,TwoDayBreakout_D1,2025-06-04T00:00:00-04:00,2025-06-05T00:00:00-04:00,46.925,45.53,49.715,2025-06-11T00:00:00-04:00,47.81,time stop win,0.6344,win,EEM_TwoDayBreakout_D1_7,23.4625,0.697499999999998
EEM,TwoDayBreakout_D1,2025-06-05T00:00:00-04:00,2025-06-06T00:00:00-04:00,46.81,45.76,48.91,2025-06-12T00:00:00-04:00,47.88,time stop win,1.019,win,EEM_TwoDayBreakout_D1_8,23.405,0.5250000000000021
EEM,TwoDayBreakout_D1,2025-06-09T00:00:00-04:00,2025-06-10T00:00:00-04:00,47.54,46.65,49.32,2025-06-16T00:00:00-04:00,47.23,time stop loss,-0.3483,loss,EEM_TwoDayBreakout_D1_10,23.77,0.4450000000000003
EEM,TwoDayBreakout_D1,2025-06-10T00:00:00-04:00,2025-06-11T00:00:00-04:00,47.83,46.72,50.05,2025-06-17T00:00:00-04:00,46.72,SL hit,-1.0,loss,EEM_TwoDayBreakout_D1_11,23.915,0.5549999999999997
EEM,TwoDayBreakout_D1,2025-06-11T00:00:00-04:00,2025-06-12T00:00:00-04:00,47.74,47.115,48.99,2025-06-13T00:00:00-04:00,47.115,SL hit,-1.0,loss,EEM_TwoDayBreakout_D1_12,23.87,0.3125
EEM,TwoDayBreakout_D1,2025-06-24T00:00:00-04:00,2025-06-25T00:00:00-04:00,47.9,46.16,51.38,2025-07-01T00:00:00-04:00,48.35,time stop win,0.2586,win,EEM_TwoDayBreakout_D1_20,23.95,0.870000000000001
EEM,TwoDayBreakout_D1,2025-06-25T00:00:00-04:00,2025-06-26T00:00:00-04:00,48.175,46.16,52.205,2025-07-02T00:00:00-04:00,48.53,time stop win,0.1762,win,EEM_TwoDayBreakout_D1_21,24.0875,1.0075000000000003
EEM,TwoDayBreakout_D1,2025-06-26T00:00:00-04:00,2025-06-27T00:00:00-04:00,48.075,47.415,49.395,2025-07-03T00:00:00-04:00,48.76,time stop win,1.0379,win,EEM_TwoDayBreakout_D1_22,24.0375,0.33000000000000185
EEM,TwoDayBreakout_D1,2025-07-01T00:00:00-04:00,2025-07-02T00:00:00-04:00,48.17,47.9,48.71,2025-07-03T00:00:00-04:00,48.71,TP hit,2.0,win,EEM_TwoDayBreakout_D1_25,24.085,0.13500000000000156
EEM,TwoDayBreakout_D1,2025-07-02T00:00:00-04:00,2025-07-03T00:00:00-04:00,48.59,47.9,49.97,2025-07-10T00:00:00-04:00,48.42,time stop loss,-0.2464,loss,EEM_TwoDayBreakout_D1_26,24.295,0.3450000000000024
EEM,TwoDayBreakout_D1,2025-07-03T00:00:00-04:00,2025-07-07T00:00:00-04:00,48.28,48.13,48.58,2025-07-07T00:00:00-04:00,48.13,SL hit,-1.0,loss,EEM_TwoDayBreakout_D1_27,24.14,0.07499999999999929
EEM,TwoDayBreakout_D1,2025-07-10T00:00:00-04:00,2025-07-11T00:00:00-04:00,48.365,48.16,48.775,2025-07-15T00:00:00-04:00,48.775,TP hit,2.0,win,EEM_TwoDayBreakout_D1_31,24.1825,0.1025000000000027
EEM,TwoDayBreakout_D1,2025-07-15T00:00:00-04:00,2025-07-16T00:00:00-04:00,48.67,48.21,49.59,2025-07-21T00:00:00-04:00,49.59,TP hit,2.0,win,EEM_TwoDayBreakout_D1_34,24.335,0.23000000000000043
EEM,TwoDayBreakout_D1,2025-07-16T00:00:00-04:00,2025-07-17T00:00:00-04:00,48.85,48.21,50.13,2025-07-23T00:00:00-04:00,49.945,time stop win,1.7109,win,EEM_TwoDayBreakout_D1_35,24.425,0.3200000000000003
EEM,TwoDayBreakout_D1,2025-07-17T00:00:00-04:00,2025-07-18T00:00:00-04:00,49.33,48.475,51.04,2025-07-24T00:00:00-04:00,49.66,time stop win,0.386,win,EEM_TwoDayBreakout_D1_36,24.665,0.42749999999999844
EEM,TwoDayBreakout_D1,2025-07-23T00:00:00-04:00,2025-07-24T00:00:00-04:00,49.78,49.05,51.24,2025-07-30T00:00:00-04:00,49.05,SL hit,-1.0,loss,EEM_TwoDayBreakout_D1_40,24.89,0.365000000000002
EEM,TwoDayBreakout_D1,2025-08-05T00:00:00-04:00,2025-08-06T00:00:00-04:00,48.9,47.99,50.72,2025-08-12T00:00:00-04:00,49.91,time stop win,1.1099,win,EEM_TwoDayBreakout_D1_49,24.45,0.4549999999999983
EEM,TwoDayBreakout_D1,2025-08-06T00:00:00-04:00,2025-08-07T00:00:00-04:00,49.6,48.56,51.68,2025-08-13T00:00:00-04:00,50.51,time stop win,0.875,win,EEM_TwoDayBreakout_D1_50,24.8,0.5199999999999996
EEM,TwoDayBreakout_D1,2025-08-07T00:00:00-04:00,2025-08-08T00:00:00-04:00,49.33,48.74,50.51,2025-08-13T00:00:00-04:00,50.51,TP hit,2.0,win,EEM_TwoDayBreakout_D1_51,24.665,0.29499999999999815
EEM,TwoDayBreakout_D1,2025-08-12T00:00:00-04:00,2025-08-13T00:00:00-04:00,50.45,49.24,52.87,2025-08-19T00:00:00-04:00,49.805,time stop loss,-0.5331,loss,EEM_TwoDayBreakout_D1_54,25.225,0.6050000000000004
EEM,TwoDayBreakout_D1,2025-08-13T00:00:00-04:00,2025-08-14T00:00:00-04:00,49.88,49.24,51.16,2025-08-20T00:00:00-04:00,49.74,time stop loss,-0.2188,loss,EEM_TwoDayBreakout_D1_55,24.94,0.3200000000000003
EEM,TwoDayBreakout_D1,2025-08-18T00:00:00-04:00,2025-08-19T00:00:00-04:00,50.1,49.74,50.82,2025-08-20T00:00:00-04:00,49.74,SL hit,-1.0,loss,EEM_TwoDayBreakout_D1_58,25.05,0.17999999999999972
EEM,TwoDayBreakout_D1,2025-08-22T00:00:00-04:00,2025-08-25T00:00:00-04:00,50.545,49.45,52.735,2025-08-29T00:00:00-04:00,49.85,time stop loss,-0.6347,loss,EEM_TwoDayBreakout_D1_62,25.2725,0.5474999999999994
EEM,TwoDayBreakout_D1,2025-09-03T00:00:00-04:00,2025-09-04T00:00:00-04:00,49.69,49.35,50.37,2025-09-05T00:00:00-04:00,50.37,TP hit,2.0,win,EEM_TwoDayBreakout_D1_69,24.845,0.16999999999999815
EEM,TwoDayBreakout_D1,2025-09-05T00:00:00-04:00,2025-09-08T00:00:00-04:00,50.72,49.54,53.08,2025-09-12T00:00:00-04:00,52.265,time stop win,1.3093,win,EEM_TwoDayBreakout_D1_71,25.36,0.5899999999999999
EEM,TwoDayBreakout_D1,2025-09-08T00:00:00-04:00,2025-09-09T00:00:00-04:00,51.11,49.54,54.25,2025-09-15T00:00:00-04:00,52.655,time stop win,0.9841,win,EEM_TwoDayBreakout_D1_72,25.555,0.7850000000000001
EEM,TwoDayBreakout_D1,2025-09-09T00:00:00-04:00,2025-09-10T00:00:00-04:00,51.6,50.18,54.44,2025-09-16T00:00:00-04:00,53.03,time stop win,1.007,win,EEM_TwoDayBreakout_D1_73,25.8,0.7100000000000009
EEM,TwoDayBreakout_D1,2025-09-10T00:00:00-04:00,2025-09-11T00:00:00-04:00,51.895,50.63,54.425,2025-09-17T00:00:00-04:00,53.245,time stop win,1.0672,win,EEM_TwoDayBreakout_D1_74,25.9475,0.6325000000000003
EEM,TwoDayBreakout_D1,2025-09-11T00:00:00-04:00,2025-09-12T00:00:00-04:00,52.33,51.1,54.79,2025-09-18T00:00:00-04:00,53.115,time stop win,0.6382,win,EEM_TwoDayBreakout_D1_75,26.165,0.6149999999999984
EEM,TwoDayBreakout_D1,2025-09-15T00:00:00-04:00,2025-09-16T00:00:00-04:00,52.88,51.89,54.86,2025-09-22T00:00:00-04:00,53.25,time stop win,0.3737,win,EEM_TwoDayBreakout_D1_77,26.44,0.495000000000001
EEM,TwoDayBreakout_D1,2025-09-16T00:00:00-04:00,2025-09-17T00:00:00-04:00,53.27,52.185,55.44,2025-09-23T00:00:00-04:00,53.3,time stop win,0.0276,win,EEM_TwoDayBreakout_D1_78,26.635,0.5425000000000004
EEM,TwoDayBreakout_D1,2025-09-17T00:00:00-04:00,2025-09-18T00:00:00-04:00,52.91,52.49,53.75,2025-09-24T00:00:00-04:00,53.11,time stop win,0.4762,win,EEM_TwoDayBreakout_D1_79,26.455,0.2099999999999973
EEM,TwoDayBreakout_D1,2025-09-22T00:00:00-04:00,2025-09-23T00:00:00-04:00,53.32,52.785,54.39,2025-09-25T00:00:00-04:00,52.785,SL hit,-1.0,loss,EEM_TwoDayBreakout_D1_82,26.66,0.26750000000000185
EEM,TwoDayBreakout_D1,2025-09-23T00:00:00-04:00,2025-09-24T00:00:00-04:00,53.26,52.915,53.95,2025-09-25T00:00:00-04:00,52.915,SL hit,-1.0,loss,EEM_TwoDayBreakout_D1_83,26.63,0.17249999999999943
EEM,TwoDayBreakout_D1,2025-09-29T00:00:00-04:00,2025-09-30T00:00:00-04:00,53.335,52.345,55.315,2025-10-06T00:00:00-04:00,54.48,time stop win,1.1566,win,EEM_TwoDayBreakout_D1_87,26.6675,0.495000000000001
EEM,TwoDayBreakout_D1,2025-10-01T00:00:00-04:00,2025-10-02T00:00:00-04:00,54.34,53.125,56.77,2025-10-08T00:00:00-04:00,54.48,time stop win,0.1152,win,EEM_TwoDayBreakout_D1_89,27.17,0.6075000000000017
EEM,TwoDayBreakout_D1,2025-10-02T00:00:00-04:00,2025-10-03T00:00:00-04:00,54.33,53.195,56.6,2025-10-09T00:00:00-04:00,53.93,time stop loss,-0.3524,loss,EEM_TwoDayBreakout_D1_90,27.165,0.567499999999999
EEM,TwoDayBreakout_D1,2025-10-06T00:00:00-04:00,2025-10-07T00:00:00-04:00,54.68,53.91,56.22,2025-10-09T00:00:00-04:00,53.91,SL hit,-1.0,loss,EEM_TwoDayBreakout_D1_92,27.34,0.38500000000000156
EEM,TwoDayBreakout_D1,2025-10-15T00:00:00-04:00,2025-10-16T00:00:00-04:00,54.32,52.535,57.89,2025-10-22T00:00:00-04:00,54.27,time stop loss,-0.028,loss,EEM_TwoDayBreakout_D1_99,27.16,0.8925000000000018
EEM,TwoDayBreakout_D1,2025-10-16T00:00:00-04:00,2025-10-17T00:00:00-04:00,53.83,52.535,56.42,2025-10-23T00:00:00-04:00,54.74,time stop win,0.7027,win,EEM_TwoDayBreakout_D1_100,26.915,0.6475000000000009
EEM,TwoDayBreakout_D1,2025-10-20T00:00:00-04:00,2025-10-21T00:00:00-04:00,54.59,53.805,56.16,2025-10-27T00:00:00-04:00,55.73,time stop win,1.4522,win,EEM_TwoDayBreakout_D1_102,27.295,0.39250000000000185
EEM,TwoDayBreakout_D1,2025-10-23T00:00:00-04:00,2025-10-24T00:00:00-04:00,55.17,54.01,57.49,2025-10-30T00:00:00-04:00,55.415,time stop win,0.2112,win,EEM_TwoDayBreakout_D1_105,27.585,0.5800000000000018
EEM,TwoDayBreakout_D1,2025-10-24T00:00:00-04:00,2025-10-27T00:00:00-04:00,55.71,54.01,59.11,2025-10-31T00:00:00-04:00,55.3,time stop loss,-0.2412,loss,EEM_TwoDayBreakout_D1_106,27.855,0.8500000000000014
EEM,TwoDayBreakout_D1,2025-10-27T00:00:00-04:00,2025-10-28T00:00:00-04:00,55.37,54.47,57.17,2025-11-03T00:00:00-05:00,55.665,time stop win,0.3278,win,EEM_TwoDayBreakout_D1_107,27.685,0.4499999999999993
EEM,TwoDayBreakout_D1,2025-10-29T00:00:00-04:00,2025-10-30T00:00:00-04:00,55.44,55.335,55.65,2025-10-30T00:00:00-04:00,55.335,SL hit,-1.0,loss,EEM_TwoDayBreakout_D1_109,27.72,0.05249999999999844
EEM,TwoDayBreakout_D1,2025-11-10T00:00:00-05:00,2025-11-11T00:00:00-05:00,55.515,53.81,58.925,2025-11-17T00:00:00-05:00,54.3,time stop loss,-0.7126,loss,EEM_TwoDayBreakout_D1_117,27.7575,0.8524999999999991
EEM,TwoDayBreakout_D1,2025-11-11T00:00:00-05:00,2025-11-12T00:00:00-05:00,55.655,53.81,59.345,2025-11-18T00:00:00-05:00,53.81,SL hit,-1.0,loss,EEM_TwoDayBreakout_D1_118,27.8275,0.9224999999999994
EEM,TwoDayBreakout_D1,2025-11-25T00:00:00-05:00,2025-11-26T00:00:00-05:00,54.11,52.38,57.57,2025-12-03T00:00:00-05:00,54.34,time stop win,0.1329,win,EEM_TwoDayBreakout_D1_128,27.055,0.8649999999999984
EEM,TwoDayBreakout_D1,2025-11-26T00:00:00-05:00,2025-11-28T00:00:00-05:00,54.16,53.125,56.23,2025-12-04T00:00:00-05:00,54.34,time stop win,0.1739,win,EEM_TwoDayBreakout_D1_129,27.08,0.5174999999999983
EEM,TwoDayBreakout_D1,2025-11-28T00:00:00-05:00,2025-12-01T00:00:00-05:00,54.16,53.215,56.05,2025-12-05T00:00:00-05:00,54.75,time stop win,0.6243,win,EEM_TwoDayBreakout_D1_130,27.08,0.4724999999999966
EEM,TwoDayBreakout_D1,2025-12-05T00:00:00-05:00,2025-12-08T00:00:00-05:00,54.865,54.06,56.475,2025-12-12T00:00:00-05:00,54.24,time stop loss,-0.7764,loss,EEM_TwoDayBreakout_D1_135,27.4325,0.40249999999999986
EEM,TwoDayBreakout_D1,2025-12-10T00:00:00-05:00,2025-12-11T00:00:00-05:00,54.7,54.25,55.6,2025-12-12T00:00:00-05:00,54.25,SL hit,-1.0,loss,EEM_TwoDayBreakout_D1_138,27.35,0.22500000000000142
EEM,TwoDayBreakout_D1,2025-12-19T00:00:00-05:00,2025-12-22T00:00:00-05:00,53.98,52.58,56.78,2025-12-29T00:00:00-05:00,54.665,time stop win,0.4893,win,EEM_TwoDayBreakout_D1_145,26.99,0.6999999999999993
EEM,TwoDayBreakout_D1,2025-12-22T00:00:00-05:00,2025-12-23T00:00:00-05:00,53.97,53.155,55.6,2025-12-30T00:00:00-05:00,54.88,time stop win,1.1166,win,EEM_TwoDayBreakout_D1_146,26.985,0.40749999999999886
EEM,TwoDayBreakout_D1,2025-12-23T00:00:00-05:00,2025-12-24T00:00:00-05:00,54.41,53.505,56.22,2025-12-31T00:00:00-05:00,54.7,time stop win,0.3204,win,EEM_TwoDayBreakout_D1_147,27.205,0.452499999999997
EEM,TwoDayBreakout_D1,2025-12-24T00:00:00-05:00,2025-12-26T00:00:00-05:00,54.6,53.885,56.03,2026-01-02T00:00:00-05:00,56.03,TP hit,2.0,win,EEM_TwoDayBreakout_D1_148,27.3,0.3575000000000017
EEM,TwoDayBreakout_D1,2025-12-26T00:00:00-05:00,2025-12-29T00:00:00-05:00,54.515,53.9,55.745,2026-01-02T00:00:00-05:00,55.745,TP hit,2.0,win,EEM_TwoDayBreakout_D1_149,27.2575,0.307500000000001
EEM,TwoDayBreakout_D1,2025-12-30T00:00:00-05:00,2025-12-31T00:00:00-05:00,54.9,54.435,55.83,2026-01-02T00:00:00-05:00,55.83,TP hit,2.0,win,EEM_TwoDayBreakout_D1_151,27.45,0.23249999999999815
EEM,TwoDayBreakout_D1,2026-01-02T00:00:00-05:00,2026-01-05T00:00:00-05:00,56.59,54.675,60.42,2026-01-09T00:00:00-05:00,57.13,time stop win,0.282,win,EEM_TwoDayBreakout_D1_153,28.295,0.9575000000000031
EEM,TwoDayBreakout_D1,2026-01-05T00:00:00-05:00,2026-01-06T00:00:00-05:00,57.185,54.675,62.205,2026-01-12T00:00:00-05:00,57.925,time stop win,0.2948,win,EEM_TwoDayBreakout_D1_154,28.5925,1.2550000000000026
EEM,TwoDayBreakout_D1,2026-01-06T00:00:00-05:00,2026-01-07T00:00:00-05:00,57.04,55.825,59.47,2026-01-13T00:00:00-05:00,57.51,time stop win,0.3868,win,EEM_TwoDayBreakout_D1_155,28.52,0.6074999999999982
EEM,TwoDayBreakout_D1,2026-01-09T00:00:00-05:00,2026-01-12T00:00:00-05:00,57.24,56.625,58.47,2026-01-16T00:00:00-05:00,57.86,time stop win,1.0081,win,EEM_TwoDayBreakout_D1_158,28.62,0.307500000000001
EEM,TwoDayBreakout_D1,2026-01-12T00:00:00-05:00,2026-01-13T00:00:00-05:00,57.755,56.625,60.015,2026-01-20T00:00:00-05:00,57.34,time stop loss,-0.3673,loss,EEM_TwoDayBreakout_D1_159,28.8775,0.5650000000000013
EEM,TwoDayBreakout_D1,2026-01-15T00:00:00-05:00,2026-01-16T00:00:00-05:00,57.97,57.38,59.15,2026-01-20T00:00:00-05:00,57.38,SL hit,-1.0,loss,EEM_TwoDayBreakout_D1_162,28.985,0.29499999999999815
EEM,TwoDayBreakout_D1,2026-01-21T00:00:00-05:00,2026-01-22T00:00:00-05:00,58.7,57.24,61.62,2026-01-28T00:00:00-05:00,60.73,time stop win,1.3904,win,EEM_TwoDayBreakout_D1_165,29.35,0.7300000000000004
EEM,TwoDayBreakout_D1,2026-01-22T00:00:00-05:00,2026-01-23T00:00:00-05:00,58.55,57.24,61.17,2026-01-29T00:00:00-05:00,60.45,time stop win,1.4504,win,EEM_TwoDayBreakout_D1_166,29.275,0.6549999999999976
EEM,TwoDayBreakout_D1,2026-01-23T00:00:00-05:00,2026-01-26T00:00:00-05:00,59.05,57.92,61.31,2026-01-30T00:00:00-05:00,59.12,time stop win,0.0619,win,EEM_TwoDayBreakout_D1_167,29.525,0.5649999999999977
EEM,TwoDayBreakout_D1,2026-01-26T00:00:00-05:00,2026-01-27T00:00:00-05:00,59.965,58.44,63.015,2026-02-02T00:00:00-05:00,59.27,time stop loss,-0.4557,loss,EEM_TwoDayBreakout_D1_168,29.9825,0.7625000000000028
EEM,TwoDayBreakout_D1,2026-01-27T00:00:00-05:00,2026-01-28T00:00:00-05:00,60.87,58.44,65.73,2026-02-03T00:00:00-05:00,59.605,time stop loss,-0.5206,loss,EEM_TwoDayBreakout_D1_169,30.435,1.2149999999999999
EEM,TwoDayBreakout_D1,2026-01-28T00:00:00-05:00,2026-01-29T00:00:00-05:00,60.86,59.0,64.58,2026-01-30T00:00:00-05:00,59.0,SL hit,-1.0,loss,EEM_TwoDayBreakout_D1_170,30.43,0.9299999999999997
EEM,TwoDayBreakout_D1,2026-02-06T00:00:00-05:00,2026-02-09T00:00:00-05:00,59.97,58.22,63.47,2026-02-12T00:00:00-05:00,60.845,time stop win,0.5,win,EEM_TwoDayBreakout_D1_177,29.985,0.875
EEM,TwoDayBreakout_D1,2026-02-09T00:00:00-05:00,2026-02-10T00:00:00-05:00,60.715,58.22,65.705,2026-02-12T00:00:00-05:00,60.845,time stop win,0.0521,win,EEM_TwoDayBreakout_D1_178,30.3575,1.2475000000000023
EEM,TwoDayBreakout_D1,2026-02-11T00:00:00-05:00,2026-02-12T00:00:00-05:00,61.84,59.915,65.69,2026-02-12T00:00:00-05:00,60.845,time stop loss,-0.5169,loss,EEM_TwoDayBreakout_D1_180,30.92,0.9625000000000021
IEMG,MeanReversion_D1,2025-05-28T00:00:00-04:00,2025-05-29T00:00:00-04:00,57.615,57.11,58.625,2025-05-30T00:00:00-04:00,57.11,SL hit,-1.0,loss,IEMG_MeanReversion_D1_2,28.8075,0.2525000000000013
IEMG,MeanReversion_D1,2025-05-30T00:00:00-04:00,2025-06-02T00:00:00-04:00,56.945,56.39,58.055,2025-06-05T00:00:00-04:00,58.055,TP hit,2.0,win,IEMG_MeanReversion_D1_4,28.4725,0.27749999999999986
IEMG,MeanReversion_D1,2025-06-13T00:00:00-04:00,2025-06-16T00:00:00-04:00,58.735,58.575,59.055,2025-06-17T00:00:00-04:00,58.575,SL hit,-1.0,loss,IEMG_MeanReversion_D1_14,29.3675,0.0799999999999983
IEMG,MeanReversion_D1,2025-06-17T00:00:00-04:00,2025-06-18T00:00:00-04:00,57.95,57.86,58.13,2025-06-18T00:00:00-04:00,57.86,SL hit,-1.0,loss,IEMG_MeanReversion_D1_16,28.975,0.045000000000001705
IEMG,MeanReversion_D1,2025-07-07T00:00:00-04:00,2025-07-08T00:00:00-04:00,60.13,59.605,61.18,2025-07-14T00:00:00-04:00,60.16,time stop win,0.0571,win,IEMG_MeanReversion_D1_28,30.065,0.26250000000000284
IEMG,MeanReversion_D1,2025-07-25T00:00:00-04:00,2025-07-28T00:00:00-04:00,61.255,61.23,61.305,2025-07-28T00:00:00-04:00,61.23,SL hit,-1.0,loss,IEMG_MeanReversion_D1_42,30.6275,0.012500000000002842
IEMG,MeanReversion_D1,2025-07-28T00:00:00-04:00,2025-07-29T00:00:00-04:00,61.22,60.965,61.73,2025-07-30T00:00:00-04:00,60.965,SL hit,-1.0,loss,IEMG_MeanReversion_D1_43,30.61,0.12749999999999773
IEMG,MeanReversion_D1,2025-08-01T00:00:00-04:00,2025-08-04T00:00:00-04:00,60.6,59.7,62.4,2025-08-08T00:00:00-04:00,61.41,time stop win,0.9,win,IEMG_MeanReversion_D1_47,30.3,0.4499999999999993
IEMG,MeanReversion_D1,2025-08-11T00:00:00-04:00,2025-08-12T00:00:00-04:00,61.485,61.2,62.055,2025-08-13T00:00:00-04:00,62.055,TP hit,2.0,win,IEMG_MeanReversion_D1_53,30.7425,0.1424999999999983
IEMG,MeanReversion_D1,2025-08-14T00:00:00-04:00,2025-08-15T00:00:00-04:00,62.19,61.805,62.96,2025-08-20T00:00:00-04:00,61.805,SL hit,-1.0,loss,IEMG_MeanReversion_D1_56,31.095,0.192499999999999
IEMG,MeanReversion_D1,2025-08-20T00:00:00-04:00,2025-08-21T00:00:00-04:00,61.705,61.53,62.055,2025-08-22T00:00:00-04:00,62.055,TP hit,2.0,win,IEMG_MeanReversion_D1_60,30.8525,0.08749999999999858
IEMG,MeanReversion_D1,2025-08-27T00:00:00-04:00,2025-08-28T00:00:00-04:00,62.115,61.75,62.845,2025-09-02T00:00:00-04:00,61.75,SL hit,-1.0,loss,IEMG_MeanReversion_D1_65,31.0575,0.182500000000001
IEMG,MeanReversion_D1,2025-09-04T00:00:00-04:00,2025-09-05T00:00:00-04:00,62.91,61.685,65.36,2025-09-11T00:00:00-04:00,64.81,time stop win,1.551,win,IEMG_MeanReversion_D1_70,31.455,0.6124999999999972
IEMG,MeanReversion_D1,2025-10-07T00:00:00-04:00,2025-10-08T00:00:00-04:00,66.85,66.685,67.18,2025-10-08T00:00:00-04:00,67.18,TP hit,2.0,win,IEMG_MeanReversion_D1_93,33.425,0.08249999999999602
IEMG,MeanReversion_D1,2025-10-09T00:00:00-04:00,2025-10-10T00:00:00-04:00,66.65,66.465,67.02,2025-10-10T00:00:00-04:00,66.465,SL hit,-1.0,loss,IEMG_MeanReversion_D1_95,33.325,0.09250000000000114
IEMG,MeanReversion_D1,2025-10-10T00:00:00-04:00,2025-10-13T00:00:00-04:00,65.985,64.075,69.805,2025-10-17T00:00:00-04:00,66.925,time stop win,0.4921,win,IEMG_MeanReversion_D1_96,32.9925,0.9549999999999983
IEMG,MeanReversion_D1,2025-10-14T00:00:00-04:00,2025-10-15T00:00:00-04:00,66.53,64.91,69.77,2025-10-21T00:00:00-04:00,67.08,time stop win,0.3395,win,IEMG_MeanReversion_D1_98,33.265,0.8100000000000023
IEMG,MeanReversion_D1,2025-10-21T00:00:00-04:00,2025-10-22T00:00:00-04:00,67.25,67.08,67.59,2025-10-22T00:00:00-04:00,67.08,SL hit,-1.0,loss,IEMG_MeanReversion_D1_103,33.625,0.08500000000000085
IEMG,MeanReversion_D1,2025-10-22T00:00:00-04:00,2025-10-23T00:00:00-04:00,67.31,66.755,68.42,2025-10-27T00:00:00-04:00,68.42,TP hit,2.0,win,IEMG_MeanReversion_D1_104,33.655,0.2775000000000034
IEMG,MeanReversion_D1,2025-11-04T00:00:00-05:00,2025-11-05T00:00:00-05:00,67.48,67.46,67.52,2025-11-05T00:00:00-05:00,67.46,SL hit,-1.0,loss,IEMG_MeanReversion_D1_113,33.74,0.010000000000005116
IEMG,MeanReversion_D1,2025-11-07T00:00:00-05:00,2025-11-10T00:00:00-05:00,68.175,66.475,71.575,2025-11-14T00:00:00-05:00,67.84,time stop loss,-0.1971,loss,IEMG_MeanReversion_D1_116,34.0875,0.8500000000000014
IEMG,MeanReversion_D1,2025-11-18T00:00:00-05:00,2025-11-19T00:00:00-05:00,66.415,66.28,66.685,2025-11-19T00:00:00-05:00,66.28,SL hit,-1.0,loss,IEMG_MeanReversion_D1_123,33.2075,0.06750000000000256
IEMG,MeanReversion_D1,2025-11-21T00:00:00-05:00,2025-11-24T00:00:00-05:00,65.6,64.73,67.34,2025-12-01T00:00:00-05:00,67.02,time stop win,1.6322,win,IEMG_MeanReversion_D1_126,32.8,0.43499999999999517
IEMG,MeanReversion_D1,2025-12-12T00:00:00-05:00,2025-12-15T00:00:00-05:00,67.325,66.72,68.535,2025-12-16T00:00:00-05:00,66.72,SL hit,-1.0,loss,IEMG_MeanReversion_D1_140,33.6625,0.302500000000002
IEMG,MeanReversion_D1,2025-12-16T00:00:00-05:00,2025-12-17T00:00:00-05:00,65.485,64.915,66.625,2025-12-17T00:00:00-05:00,64.915,SL hit,-1.0,loss,IEMG_MeanReversion_D1_142,32.7425,0.2849999999999966
IEMG,MeanReversion_D1,2025-12-17T00:00:00-05:00,2025-12-18T00:00:00-05:00,65.48,64.68,67.08,2025-12-24T00:00:00-05:00,66.93,time stop win,1.8125,win,IEMG_MeanReversion_D1_143,32.74,0.3999999999999986
IEMG,MeanReversion_D1,2025-12-31T00:00:00-05:00,2026-01-02T00:00:00-05:00,68.59,67.22,71.33,2026-01-08T00:00:00-05:00,69.76,time stop win,0.854,win,IEMG_MeanReversion_D1_152,34.295,0.6850000000000023
IEMG,MeanReversion_D1,2026-01-20T00:00:00-05:00,2026-01-21T00:00:00-05:00,71.095,70.275,72.735,2026-01-26T00:00:00-05:00,72.735,TP hit,2.0,win,IEMG_MeanReversion_D1_164,35.5475,0.4099999999999966
IEMG,MeanReversion_D1,2026-02-05T00:00:00-05:00,2026-02-06T00:00:00-05:00,72.695,71.56,74.965,2026-02-11T00:00:00-05:00,74.965,TP hit,2.0,win,IEMG_MeanReversion_D1_176,36.3475,0.5674999999999955
IEMG,PrevDayBreakout_D1,2025-06-02T00:00:00-04:00,2025-06-03T00:00:00-04:00,57.08,56.39,58.46,2025-06-05T00:00:00-04:00,58.46,TP hit,2.0,win,IEMG_PrevDayBreakout_D1_5,28.54,0.34499999999999886
IEMG,PrevDayBreakout_D1,2025-06-03T00:00:00-04:00,2025-06-04T00:00:00-04:00,57.835,56.75,60.005,2025-06-10T00:00:00-04:00,59.31,time stop win,1.3594,win,IEMG_PrevDayBreakout_D1_6,28.9175,0.5425000000000004
IEMG,PrevDayBreakout_D1,2025-06-04T00:00:00-04:00,2025-06-05T00:00:00-04:00,58.36,57.06,60.96,2025-06-11T00:00:00-04:00,59.6,time stop win,0.9538,win,IEMG_PrevDayBreakout_D1_7,29.18,0.6499999999999986
IEMG,PrevDayBreakout_D1,2025-06-05T00:00:00-04:00,2025-06-06T00:00:00-04:00,58.295,57.77,59.345,2025-06-11T00:00:00-04:00,59.345,TP hit,2.0,win,IEMG_PrevDayBreakout_D1_8,29.1475,0.2624999999999993
IEMG,PrevDayBreakout_D1,2025-06-09T00:00:00-04:00,2025-06-10T00:00:00-04:00,59.24,58.23,61.26,2025-06-16T00:00:00-04:00,58.675,time stop loss,-0.5594,loss,IEMG_PrevDayBreakout_D1_10,29.62,0.5050000000000026
IEMG,PrevDayBreakout_D1,2025-06-10T00:00:00-04:00,2025-06-11T00:00:00-04:00,59.605,58.72,61.375,2025-06-13T00:00:00-04:00,58.72,SL hit,-1.0,loss,IEMG_PrevDayBreakout_D1_11,29.8025,0.442499999999999
IEMG,PrevDayBreakout_D1,2025-06-11T00:00:00-04:00,2025-06-12T00:00:00-04:00,59.48,59.02,60.4,2025-06-13T00:00:00-04:00,59.02,SL hit,-1.0,loss,IEMG_PrevDayBreakout_D1_12,29.74,0.22999999999999687
IEMG,PrevDayBreakout_D1,2025-06-24T00:00:00-04:00,2025-06-25T00:00:00-04:00,59.515,57.39,63.765,2025-07-01T00:00:00-04:00,60.095,time stop win,0.2729,win,IEMG_PrevDayBreakout_D1_20,29.7575,1.0625
IEMG,PrevDayBreakout_D1,2025-06-25T00:00:00-04:00,2025-06-26T00:00:00-04:00,59.8,58.94,61.52,2025-07-02T00:00:00-04:00,60.315,time stop win,0.5988,win,IEMG_PrevDayBreakout_D1_21,29.9,0.4299999999999997
IEMG,PrevDayBreakout_D1,2025-06-26T00:00:00-04:00,2025-06-27T00:00:00-04:00,59.745,59.43,60.375,2025-07-03T00:00:00-04:00,60.375,TP hit,2.0,win,IEMG_PrevDayBreakout_D1_22,29.8725,0.15749999999999886
IEMG,PrevDayBreakout_D1,2025-06-30T00:00:00-04:00,2025-07-01T00:00:00-04:00,60.09,59.595,61.08,2025-07-08T00:00:00-04:00,60.1,time stop win,0.0202,win,IEMG_PrevDayBreakout_D1_24,30.045,0.24750000000000227
IEMG,PrevDayBreakout_D1,2025-07-01T00:00:00-04:00,2025-07-02T00:00:00-04:00,59.895,59.585,60.515,2025-07-03T00:00:00-04:00,60.515,TP hit,2.0,win,IEMG_PrevDayBreakout_D1_25,29.9475,0.15500000000000114
IEMG,PrevDayBreakout_D1,2025-07-02T00:00:00-04:00,2025-07-03T00:00:00-04:00,60.385,59.925,61.305,2025-07-07T00:00:00-04:00,59.925,SL hit,-1.0,loss,IEMG_PrevDayBreakout_D1_26,30.1925,0.23000000000000043
IEMG,PrevDayBreakout_D1,2025-07-03T00:00:00-04:00,2025-07-07T00:00:00-04:00,59.975,59.835,60.255,2025-07-07T00:00:00-04:00,59.835,SL hit,-1.0,loss,IEMG_PrevDayBreakout_D1_27,29.9875,0.07000000000000028
IEMG,PrevDayBreakout_D1,2025-07-10T00:00:00-04:00,2025-07-11T00:00:00-04:00,60.105,59.91,60.495,2025-07-15T00:00:00-04:00,60.495,TP hit,2.0,win,IEMG_PrevDayBreakout_D1_31,30.0525,0.09750000000000014
IEMG,PrevDayBreakout_D1,2025-07-14T00:00:00-04:00,2025-07-15T00:00:00-04:00,60.75,60.015,62.22,2025-07-21T00:00:00-04:00,61.42,time stop win,0.9116,win,IEMG_PrevDayBreakout_D1_33,30.375,0.3674999999999997
IEMG,PrevDayBreakout_D1,2025-07-15T00:00:00-04:00,2025-07-16T00:00:00-04:00,60.575,60.01,61.705,2025-07-22T00:00:00-04:00,61.38,time stop win,1.4248,win,IEMG_PrevDayBreakout_D1_34,30.2875,0.2825000000000024
IEMG,PrevDayBreakout_D1,2025-07-16T00:00:00-04:00,2025-07-17T00:00:00-04:00,60.83,60.49,61.51,2025-07-21T00:00:00-04:00,61.51,TP hit,2.0,win,IEMG_PrevDayBreakout_D1_35,30.415,0.16999999999999815
IEMG,PrevDayBreakout_D1,2025-07-17T00:00:00-04:00,2025-07-18T00:00:00-04:00,61.265,60.34,63.115,2025-07-24T00:00:00-04:00,61.69,time stop win,0.4595,win,IEMG_PrevDayBreakout_D1_36,30.6325,0.4624999999999986
IEMG,PrevDayBreakout_D1,2025-07-23T00:00:00-04:00,2025-07-24T00:00:00-04:00,61.83,60.96,63.57,2025-07-30T00:00:00-04:00,60.96,SL hit,-1.0,loss,IEMG_PrevDayBreakout_D1_40,30.915,0.4349999999999987
IEMG,PrevDayBreakout_D1,2025-08-04T00:00:00-04:00,2025-08-05T00:00:00-04:00,60.835,59.7,63.105,2025-08-11T00:00:00-04:00,61.26,time stop win,0.3744,win,IEMG_PrevDayBreakout_D1_48,30.4175,0.567499999999999
IEMG,PrevDayBreakout_D1,2025-08-05T00:00:00-04:00,2025-08-06T00:00:00-04:00,60.815,60.37,61.705,2025-08-12T00:00:00-04:00,61.705,TP hit,2.0,win,IEMG_PrevDayBreakout_D1_49,30.4075,0.22250000000000014
IEMG,PrevDayBreakout_D1,2025-08-06T00:00:00-04:00,2025-08-07T00:00:00-04:00,61.63,60.59,63.71,2025-08-13T00:00:00-04:00,62.69,time stop win,1.0192,win,IEMG_PrevDayBreakout_D1_50,30.815,0.5199999999999996
IEMG,PrevDayBreakout_D1,2025-08-07T00:00:00-04:00,2025-08-08T00:00:00-04:00,61.305,60.7,62.515,2025-08-13T00:00:00-04:00,62.515,TP hit,2.0,win,IEMG_PrevDayBreakout_D1_51,30.6525,0.30249999999999844
IEMG,PrevDayBreakout_D1,2025-08-12T00:00:00-04:00,2025-08-13T00:00:00-04:00,62.65,61.2,65.55,2025-08-19T00:00:00-04:00,62.0,time stop loss,-0.4483,loss,IEMG_PrevDayBreakout_D1_54,31.325,0.7249999999999979
IEMG,PrevDayBreakout_D1,2025-08-13T00:00:00-04:00,2025-08-14T00:00:00-04:00,61.96,61.485,62.91,2025-08-20T00:00:00-04:00,61.87,time stop loss,-0.1895,loss,IEMG_PrevDayBreakout_D1_55,30.98,0.2375000000000007
IEMG,PrevDayBreakout_D1,2025-08-18T00:00:00-04:00,2025-08-19T00:00:00-04:00,62.28,62.04,62.76,2025-08-19T00:00:00-04:00,62.04,SL hit,-1.0,loss,IEMG_PrevDayBreakout_D1_58,31.14,0.120000000000001
IEMG,PrevDayBreakout_D1,2025-08-22T00:00:00-04:00,2025-08-25T00:00:00-04:00,62.805,61.66,65.095,2025-08-29T00:00:00-04:00,62.085,time stop loss,-0.6288,loss,IEMG_PrevDayBreakout_D1_62,31.4025,0.5725000000000016
IEMG,PrevDayBreakout_D1,2025-08-28T00:00:00-04:00,2025-08-29T00:00:00-04:00,62.02,61.75,62.56,2025-09-02T00:00:00-04:00,61.75,SL hit,-1.0,loss,IEMG_PrevDayBreakout_D1_66,31.01,0.13500000000000156
IEMG,PrevDayBreakout_D1,2025-09-03T00:00:00-04:00,2025-09-04T00:00:00-04:00,61.855,61.405,62.755,2025-09-05T00:00:00-04:00,62.755,TP hit,2.0,win,IEMG_PrevDayBreakout_D1_69,30.9275,0.22499999999999787
IEMG,PrevDayBreakout_D1,2025-09-05T00:00:00-04:00,2025-09-08T00:00:00-04:00,63.15,61.685,66.08,2025-09-12T00:00:00-04:00,64.78,time stop win,1.1126,win,IEMG_PrevDayBreakout_D1_71,31.575,0.7324999999999982
IEMG,PrevDayBreakout_D1,2025-09-08T00:00:00-04:00,2025-09-09T00:00:00-04:00,63.535,62.47,65.665,2025-09-15T00:00:00-04:00,65.245,time stop win,1.6056,win,IEMG_PrevDayBreakout_D1_72,31.7675,0.5324999999999989
IEMG,PrevDayBreakout_D1,2025-09-09T00:00:00-04:00,2025-09-10T00:00:00-04:00,64.03,63.0,66.09,2025-09-16T00:00:00-04:00,65.73,time stop win,1.6505,win,IEMG_PrevDayBreakout_D1_73,32.015,0.5150000000000006
IEMG,PrevDayBreakout_D1,2025-09-10T00:00:00-04:00,2025-09-11T00:00:00-04:00,64.39,63.52,66.13,2025-09-17T00:00:00-04:00,66.13,TP hit,2.0,win,IEMG_PrevDayBreakout_D1_74,32.195,0.4349999999999987
IEMG,PrevDayBreakout_D1,2025-09-11T00:00:00-04:00,2025-09-12T00:00:00-04:00,64.82,63.965,66.53,2025-09-18T00:00:00-04:00,65.815,time stop win,1.1637,win,IEMG_PrevDayBreakout_D1_75,32.41,0.4274999999999949
IEMG,PrevDayBreakout_D1,2025-09-15T00:00:00-04:00,2025-09-16T00:00:00-04:00,65.55,64.68,67.29,2025-09-22T00:00:00-04:00,65.955,time stop win,0.4655,win,IEMG_PrevDayBreakout_D1_77,32.775,0.43499999999999517
IEMG,PrevDayBreakout_D1,2025-09-16T00:00:00-04:00,2025-09-17T00:00:00-04:00,66.03,65.08,67.93,2025-09-23T00:00:00-04:00,65.98,time stop loss,-0.0526,loss,IEMG_PrevDayBreakout_D1_78,33.015,0.4750000000000014
IEMG,PrevDayBreakout_D1,2025-09-17T00:00:00-04:00,2025-09-18T00:00:00-04:00,65.66,65.41,66.16,2025-09-23T00:00:00-04:00,66.16,TP hit,2.0,win,IEMG_PrevDayBreakout_D1_79,32.83,0.125
IEMG,PrevDayBreakout_D1,2025-09-22T00:00:00-04:00,2025-09-23T00:00:00-04:00,66.0,65.62,66.76,2025-09-25T00:00:00-04:00,65.62,SL hit,-1.0,loss,IEMG_PrevDayBreakout_D1_82,33.0,0.18999999999999773
IEMG,PrevDayBreakout_D1,2025-09-29T00:00:00-04:00,2025-09-30T00:00:00-04:00,65.86,64.78,68.02,2025-10-06T00:00:00-04:00,67.215,time stop win,1.2546,win,IEMG_PrevDayBreakout_D1_87,32.93,0.5399999999999991
IEMG,PrevDayBreakout_D1,2025-10-01T00:00:00-04:00,2025-10-02T00:00:00-04:00,66.97,65.745,69.42,2025-10-08T00:00:00-04:00,67.22,time stop win,0.2041,win,IEMG_PrevDayBreakout_D1_89,33.485,0.6124999999999972
IEMG,PrevDayBreakout_D1,2025-10-02T00:00:00-04:00,2025-10-03T00:00:00-04:00,66.98,66.255,68.43,2025-10-09T00:00:00-04:00,66.6,time stop loss,-0.5241,loss,IEMG_PrevDayBreakout_D1_90,33.49,0.36250000000000426
IEMG,PrevDayBreakout_D1,2025-10-06T00:00:00-04:00,2025-10-07T00:00:00-04:00,67.445,66.77,68.795,2025-10-07T00:00:00-04:00,66.77,SL hit,-1.0,loss,IEMG_PrevDayBreakout_D1_92,33.7225,0.3374999999999986
IEMG,PrevDayBreakout_D1,2025-10-15T00:00:00-04:00,2025-10-16T00:00:00-04:00,67.11,64.91,71.51,2025-10-22T00:00:00-04:00,67.07,time stop loss,-0.0182,loss,IEMG_PrevDayBreakout_D1_99,33.555,1.1000000000000014
IEMG,PrevDayBreakout_D1,2025-10-16T00:00:00-04:00,2025-10-17T00:00:00-04:00,66.52,66.15,67.26,2025-10-20T00:00:00-04:00,67.26,TP hit,2.0,win,IEMG_PrevDayBreakout_D1_100,33.26,0.18499999999999517
IEMG,PrevDayBreakout_D1,2025-10-20T00:00:00-04:00,2025-10-21T00:00:00-04:00,67.345,66.47,69.095,2025-10-27T00:00:00-04:00,68.78,time stop win,1.64,win,IEMG_PrevDayBreakout_D1_102,33.6725,0.4375
IEMG,PrevDayBreakout_D1,2025-10-23T00:00:00-04:00,2025-10-24T00:00:00-04:00,68.06,66.755,70.67,2025-10-30T00:00:00-04:00,68.385,time stop win,0.249,win,IEMG_PrevDayBreakout_D1_105,34.03,0.6525000000000034
IEMG,PrevDayBreakout_D1,2025-10-24T00:00:00-04:00,2025-10-27T00:00:00-04:00,68.78,67.29,71.76,2025-10-31T00:00:00-04:00,68.315,time stop loss,-0.3121,loss,IEMG_PrevDayBreakout_D1_106,34.39,0.7449999999999974
IEMG,PrevDayBreakout_D1,2025-10-27T00:00:00-04:00,2025-10-28T00:00:00-04:00,68.345,67.94,69.155,2025-10-29T00:00:00-04:00,69.155,TP hit,2.0,win,IEMG_PrevDayBreakout_D1_107,34.1725,0.20250000000000057
IEMG,PrevDayBreakout_D1,2025-10-29T00:00:00-04:00,2025-10-30T00:00:00-04:00,68.405,68.31,68.595,2025-10-30T00:00:00-04:00,68.31,SL hit,-1.0,loss,IEMG_PrevDayBreakout_D1_109,34.2025,0.04749999999999943
IEMG,PrevDayBreakout_D1,2025-11-05T00:00:00-05:00,2025-11-06T00:00:00-05:00,67.95,67.46,68.93,2025-11-06T00:00:00-05:00,67.46,SL hit,-1.0,loss,IEMG_PrevDayBreakout_D1_114,33.975,0.24500000000000455
IEMG,PrevDayBreakout_D1,2025-11-10T00:00:00-05:00,2025-11-11T00:00:00-05:00,68.38,66.475,72.19,2025-11-17T00:00:00-05:00,67.055,time stop loss,-0.6955,loss,IEMG_PrevDayBreakout_D1_117,34.19,0.9525000000000006
IEMG,PrevDayBreakout_D1,2025-11-11T00:00:00-05:00,2025-11-12T00:00:00-05:00,68.57,67.96,69.79,2025-11-13T00:00:00-05:00,67.96,SL hit,-1.0,loss,IEMG_PrevDayBreakout_D1_118,34.285,0.3049999999999997
IEMG,PrevDayBreakout_D1,2025-11-24T00:00:00-05:00,2025-11-25T00:00:00-05:00,66.16,64.73,69.02,2025-12-02T00:00:00-05:00,67.04,time stop win,0.6154,win,IEMG_PrevDayBreakout_D1_127,33.08,0.7149999999999963
IEMG,PrevDayBreakout_D1,2025-11-25T00:00:00-05:00,2025-11-26T00:00:00-05:00,66.74,65.6,69.02,2025-12-03T00:00:00-05:00,67.095,time stop win,0.3114,win,IEMG_PrevDayBreakout_D1_128,33.37,0.5700000000000003
IEMG,PrevDayBreakout_D1,2025-11-26T00:00:00-05:00,2025-11-28T00:00:00-05:00,66.91,65.7,69.33,2025-12-04T00:00:00-05:00,67.07,time stop win,0.1322,win,IEMG_PrevDayBreakout_D1_129,33.455,0.6049999999999969
IEMG,PrevDayBreakout_D1,2025-11-28T00:00:00-05:00,2025-12-01T00:00:00-05:00,66.88,66.59,67.46,2025-12-05T00:00:00-05:00,67.46,TP hit,2.0,win,IEMG_PrevDayBreakout_D1_130,33.44,0.14499999999999602
IEMG,PrevDayBreakout_D1,2025-12-05T00:00:00-05:00,2025-12-08T00:00:00-05:00,67.52,66.91,68.74,2025-12-12T00:00:00-05:00,66.91,SL hit,-1.0,loss,IEMG_PrevDayBreakout_D1_135,33.76,0.3049999999999997
IEMG,PrevDayBreakout_D1,2025-12-10T00:00:00-05:00,2025-12-11T00:00:00-05:00,67.425,66.965,68.345,2025-12-12T00:00:00-05:00,66.965,SL hit,-1.0,loss,IEMG_PrevDayBreakout_D1_138,33.7125,0.22999999999999687
IEMG,PrevDayBreakout_D1,2025-12-19T00:00:00-05:00,2025-12-22T00:00:00-05:00,66.405,65.34,68.535,2025-12-29T00:00:00-05:00,67.21,time stop win,0.7559,win,IEMG_PrevDayBreakout_D1_145,33.2025,0.5324999999999989
IEMG,PrevDayBreakout_D1,2025-12-22T00:00:00-05:00,2025-12-23T00:00:00-05:00,66.335,65.82,67.365,2025-12-26T00:00:00-05:00,67.365,TP hit,2.0,win,IEMG_PrevDayBreakout_D1_146,33.1675,0.2575000000000003
IEMG,PrevDayBreakout_D1,2025-12-23T00:00:00-05:00,2025-12-24T00:00:00-05:00,66.895,66.285,68.115,2025-12-31T00:00:00-05:00,67.23,time stop win,0.5492,win,IEMG_PrevDayBreakout_D1_147,33.4475,0.3049999999999997
IEMG,PrevDayBreakout_D1,2025-12-24T00:00:00-05:00,2025-12-26T00:00:00-05:00,67.12,66.33,68.7,2026-01-02T00:00:00-05:00,68.7,TP hit,2.0,win,IEMG_PrevDayBreakout_D1_148,33.56,0.3950000000000031
IEMG,PrevDayBreakout_D1,2025-12-26T00:00:00-05:00,2025-12-29T00:00:00-05:00,66.95,66.855,67.14,2025-12-29T00:00:00-05:00,67.14,TP hit,2.0,win,IEMG_PrevDayBreakout_D1_149,33.475,0.04749999999999943
IEMG,PrevDayBreakout_D1,2025-12-30T00:00:00-05:00,2025-12-31T00:00:00-05:00,67.44,66.94,68.44,2026-01-02T00:00:00-05:00,68.44,TP hit,2.0,win,IEMG_PrevDayBreakout_D1_151,33.72,0.25
IEMG,PrevDayBreakout_D1,2026-01-02T00:00:00-05:00,2026-01-05T00:00:00-05:00,69.345,67.22,73.595,2026-01-09T00:00:00-05:00,70.045,time stop win,0.3294,win,IEMG_PrevDayBreakout_D1_153,34.6725,1.0625
IEMG,PrevDayBreakout_D1,2026-01-05T00:00:00-05:00,2026-01-06T00:00:00-05:00,70.08,68.535,73.17,2026-01-12T00:00:00-05:00,70.945,time stop win,0.5599,win,IEMG_PrevDayBreakout_D1_154,35.04,0.7725000000000009
IEMG,PrevDayBreakout_D1,2026-01-06T00:00:00-05:00,2026-01-07T00:00:00-05:00,69.93,69.125,71.54,2026-01-13T00:00:00-05:00,70.465,time stop win,0.6646,win,IEMG_PrevDayBreakout_D1_155,34.965,0.4025000000000034
IEMG,PrevDayBreakout_D1,2026-01-09T00:00:00-05:00,2026-01-12T00:00:00-05:00,70.15,69.46,71.53,2026-01-16T00:00:00-05:00,70.92,time stop win,1.1159,win,IEMG_PrevDayBreakout_D1_158,35.075,0.34500000000000597
IEMG,PrevDayBreakout_D1,2026-01-12T00:00:00-05:00,2026-01-13T00:00:00-05:00,70.725,69.56,73.055,2026-01-20T00:00:00-05:00,70.37,time stop loss,-0.3047,loss,IEMG_PrevDayBreakout_D1_159,35.3625,0.582499999999996
IEMG,PrevDayBreakout_D1,2026-01-15T00:00:00-05:00,2026-01-16T00:00:00-05:00,71.05,70.42,72.31,2026-01-20T00:00:00-05:00,70.42,SL hit,-1.0,loss,IEMG_PrevDayBreakout_D1_162,35.525,0.3149999999999977
IEMG,PrevDayBreakout_D1,2026-01-21T00:00:00-05:00,2026-01-22T00:00:00-05:00,71.895,70.275,75.135,2026-01-28T00:00:00-05:00,74.45,time stop win,1.5772,win,IEMG_PrevDayBreakout_D1_165,35.9475,0.8099999999999952
IEMG,PrevDayBreakout_D1,2026-01-22T00:00:00-05:00,2026-01-23T00:00:00-05:00,71.805,71.01,73.395,2026-01-27T00:00:00-05:00,73.395,TP hit,2.0,win,IEMG_PrevDayBreakout_D1_166,35.9025,0.39750000000000085
IEMG,PrevDayBreakout_D1,2026-01-23T00:00:00-05:00,2026-01-26T00:00:00-05:00,72.47,71.71,73.99,2026-01-27T00:00:00-05:00,73.99,TP hit,2.0,win,IEMG_PrevDayBreakout_D1_167,36.235,0.38000000000000256
IEMG,PrevDayBreakout_D1,2026-01-26T00:00:00-05:00,2026-01-27T00:00:00-05:00,73.45,71.655,77.04,2026-02-02T00:00:00-05:00,72.81,time stop loss,-0.3565,loss,IEMG_PrevDayBreakout_D1_168,36.725,0.8975000000000009
IEMG,PrevDayBreakout_D1,2026-01-27T00:00:00-05:00,2026-01-28T00:00:00-05:00,74.57,72.435,78.84,2026-01-30T00:00:00-05:00,72.435,SL hit,-1.0,loss,IEMG_PrevDayBreakout_D1_169,37.285,1.0674999999999955
IEMG,PrevDayBreakout_D1,2026-01-28T00:00:00-05:00,2026-01-29T00:00:00-05:00,74.6,73.41,76.98,2026-01-29T00:00:00-05:00,73.41,SL hit,-1.0,loss,IEMG_PrevDayBreakout_D1_170,37.3,0.5949999999999989
IEMG,PrevDayBreakout_D1,2026-02-03T00:00:00-05:00,2026-02-04T00:00:00-05:00,73.585,71.91,76.935,2026-02-05T00:00:00-05:00,71.91,SL hit,-1.0,loss,IEMG_PrevDayBreakout_D1_174,36.7925,0.8374999999999986
IEMG,PrevDayBreakout_D1,2026-02-06T00:00:00-05:00,2026-02-09T00:00:00-05:00,73.62,71.56,77.74,2026-02-12T00:00:00-05:00,74.64,time stop win,0.4951,win,IEMG_PrevDayBreakout_D1_177,36.81,1.0300000000000011
IEMG,PrevDayBreakout_D1,2026-02-09T00:00:00-05:00,2026-02-10T00:00:00-05:00,74.48,72.69,78.06,2026-02-12T00:00:00-05:00,74.64,time stop win,0.0894,win,IEMG_PrevDayBreakout_D1_178,37.24,0.8950000000000031
IEMG,PrevDayBreakout_D1,2026-02-11T00:00:00-05:00,2026-02-12T00:00:00-05:00,75.795,74.145,79.095,2026-02-12T00:00:00-05:00,74.64,time stop loss,-0.7,loss,IEMG_PrevDayBreakout_D1_180,37.8975,0.8250000000000028
IEMG,TwoDayBreakout_D1,2025-06-03T00:00:00-04:00,2025-06-04T00:00:00-04:00,57.835,56.39,60.725,2025-06-10T00:00:00-04:00,59.31,time stop win,1.0208,win,IEMG_TwoDayBreakout_D1_6,28.9175,0.7225000000000001
IEMG,TwoDayBreakout_D1,2025-06-04T00:00:00-04:00,2025-06-05T00:00:00-04:00,58.36,56.75,61.58,2025-06-11T00:00:00-04:00,59.6,time stop win,0.7702,win,IEMG_TwoDayBreakout_D1_7,29.18,0.8049999999999997
IEMG,TwoDayBreakout_D1,2025-06-05T00:00:00-04:00,2025-06-06T00:00:00-04:00,58.295,57.06,60.765,2025-06-12T00:00:00-04:00,59.67,time stop win,1.1134,win,IEMG_TwoDayBreakout_D1_8,29.1475,0.6174999999999997
IEMG,TwoDayBreakout_D1,2025-06-09T00:00:00-04:00,2025-06-10T00:00:00-04:00,59.24,58.14,61.44,2025-06-16T00:00:00-04:00,58.675,time stop loss,-0.5136,loss,IEMG_TwoDayBreakout_D1_10,29.62,0.5500000000000007
IEMG,TwoDayBreakout_D1,2025-06-10T00:00:00-04:00,2025-06-11T00:00:00-04:00,59.605,58.23,62.355,2025-06-17T00:00:00-04:00,58.23,SL hit,-1.0,loss,IEMG_TwoDayBreakout_D1_11,29.8025,0.6875
IEMG,TwoDayBreakout_D1,2025-06-11T00:00:00-04:00,2025-06-12T00:00:00-04:00,59.48,58.72,61.0,2025-06-13T00:00:00-04:00,58.72,SL hit,-1.0,loss,IEMG_TwoDayBreakout_D1_12,29.74,0.379999999999999
IEMG,TwoDayBreakout_D1,2025-06-24T00:00:00-04:00,2025-06-25T00:00:00-04:00,59.515,57.39,63.765,2025-07-01T00:00:00-04:00,60.095,time stop win,0.2729,win,IEMG_TwoDayBreakout_D1_20,29.7575,1.0625
IEMG,TwoDayBreakout_D1,2025-06-25T00:00:00-04:00,2025-06-26T00:00:00-04:00,59.8,57.39,64.62,2025-07-02T00:00:00-04:00,60.315,time stop win,0.2137,win,IEMG_TwoDayBreakout_D1_21,29.9,1.2049999999999983
IEMG,TwoDayBreakout_D1,2025-06-26T00:00:00-04:00,2025-06-27T00:00:00-04:00,59.745,58.94,61.355,2025-07-03T00:00:00-04:00,60.615,time stop win,1.0807,win,IEMG_TwoDayBreakout_D1_22,29.8725,0.40249999999999986
IEMG,TwoDayBreakout_D1,2025-07-01T00:00:00-04:00,2025-07-02T00:00:00-04:00,59.895,59.585,60.515,2025-07-03T00:00:00-04:00,60.515,TP hit,2.0,win,IEMG_TwoDayBreakout_D1_25,29.9475,0.15500000000000114
IEMG,TwoDayBreakout_D1,2025-07-02T00:00:00-04:00,2025-07-03T00:00:00-04:00,60.385,59.585,61.985,2025-07-10T00:00:00-04:00,60.22,time stop loss,-0.2062,loss,IEMG_TwoDayBreakout_D1_26,30.1925,0.3999999999999986
IEMG,TwoDayBreakout_D1,2025-07-03T00:00:00-04:00,2025-07-07T00:00:00-04:00,59.975,59.835,60.255,2025-07-07T00:00:00-04:00,59.835,SL hit,-1.0,loss,IEMG_TwoDayBreakout_D1_27,29.9875,0.07000000000000028
IEMG,TwoDayBreakout_D1,2025-07-10T00:00:00-04:00,2025-07-11T00:00:00-04:00,60.105,59.91,60.495,2025-07-15T00:00:00-04:00,60.495,TP hit,2.0,win,IEMG_TwoDayBreakout_D1_31,30.0525,0.09750000000000014
IEMG,TwoDayBreakout_D1,2025-07-15T00:00:00-04:00,2025-07-16T00:00:00-04:00,60.575,60.01,61.705,2025-07-22T00:00:00-04:00,61.38,time stop win,1.4248,win,IEMG_TwoDayBreakout_D1_34,30.2875,0.2825000000000024
IEMG,TwoDayBreakout_D1,2025-07-16T00:00:00-04:00,2025-07-17T00:00:00-04:00,60.83,60.01,62.47,2025-07-23T00:00:00-04:00,62.01,time stop win,1.439,win,IEMG_TwoDayBreakout_D1_35,30.415,0.41000000000000014
IEMG,TwoDayBreakout_D1,2025-07-17T00:00:00-04:00,2025-07-18T00:00:00-04:00,61.265,60.34,63.115,2025-07-24T00:00:00-04:00,61.69,time stop win,0.4595,win,IEMG_TwoDayBreakout_D1_36,30.6325,0.4624999999999986
IEMG,TwoDayBreakout_D1,2025-07-23T00:00:00-04:00,2025-07-24T00:00:00-04:00,61.83,60.96,63.57,2025-07-30T00:00:00-04:00,60.96,SL hit,-1.0,loss,IEMG_TwoDayBreakout_D1_40,30.915,0.4349999999999987
IEMG,TwoDayBreakout_D1,2025-08-05T00:00:00-04:00,2025-08-06T00:00:00-04:00,60.815,59.7,63.045,2025-08-12T00:00:00-04:00,62.03,time stop win,1.0897,win,IEMG_TwoDayBreakout_D1_49,30.4075,0.5574999999999974
IEMG,TwoDayBreakout_D1,2025-08-06T00:00:00-04:00,2025-08-07T00:00:00-04:00,61.63,60.37,64.15,2025-08-13T00:00:00-04:00,62.69,time stop win,0.8413,win,IEMG_TwoDayBreakout_D1_50,30.815,0.6300000000000026
IEMG,TwoDayBreakout_D1,2025-08-07T00:00:00-04:00,2025-08-08T00:00:00-04:00,61.305,60.59,62.735,2025-08-13T00:00:00-04:00,62.735,TP hit,2.0,win,IEMG_TwoDayBreakout_D1_51,30.6525,0.35749999999999815
IEMG,TwoDayBreakout_D1,2025-08-12T00:00:00-04:00,2025-08-13T00:00:00-04:00,62.65,61.2,65.55,2025-08-19T00:00:00-04:00,62.0,time stop loss,-0.4483,loss,IEMG_TwoDayBreakout_D1_54,31.325,0.7249999999999979
IEMG,TwoDayBreakout_D1,2025-08-13T00:00:00-04:00,2025-08-14T00:00:00-04:00,61.96,61.2,63.48,2025-08-20T00:00:00-04:00,61.87,time stop loss,-0.1184,loss,IEMG_TwoDayBreakout_D1_55,30.98,0.379999999999999
IEMG,TwoDayBreakout_D1,2025-08-18T00:00:00-04:00,2025-08-19T00:00:00-04:00,62.28,61.805,63.23,2025-08-20T00:00:00-04:00,61.805,SL hit,-1.0,loss,IEMG_TwoDayBreakout_D1_58,31.14,0.2375000000000007
IEMG,TwoDayBreakout_D1,2025-08-22T00:00:00-04:00,2025-08-25T00:00:00-04:00,62.805,61.53,65.355,2025-08-29T00:00:00-04:00,62.085,time stop loss,-0.5647,loss,IEMG_TwoDayBreakout_D1_62,31.4025,0.6374999999999993
IEMG,TwoDayBreakout_D1,2025-09-03T00:00:00-04:00,2025-09-04T00:00:00-04:00,61.855,61.405,62.755,2025-09-05T00:00:00-04:00,62.755,TP hit,2.0,win,IEMG_TwoDayBreakout_D1_69,30.9275,0.22499999999999787
IEMG,TwoDayBreakout_D1,2025-09-05T00:00:00-04:00,2025-09-08T00:00:00-04:00,63.15,61.685,66.08,2025-09-12T00:00:00-04:00,64.78,time stop win,1.1126,win,IEMG_TwoDayBreakout_D1_71,31.575,0.7324999999999982
IEMG,TwoDayBreakout_D1,2025-09-08T00:00:00-04:00,2025-09-09T00:00:00-04:00,63.535,61.685,67.235,2025-09-15T00:00:00-04:00,65.245,time stop win,0.9243,win,IEMG_TwoDayBreakout_D1_72,31.7675,0.9249999999999972
IEMG,TwoDayBreakout_D1,2025-09-09T00:00:00-04:00,2025-09-10T00:00:00-04:00,64.03,62.47,67.15,2025-09-16T00:00:00-04:00,65.73,time stop win,1.0897,win,IEMG_TwoDayBreakout_D1_73,32.015,0.7800000000000011
IEMG,TwoDayBreakout_D1,2025-09-10T00:00:00-04:00,2025-09-11T00:00:00-04:00,64.39,63.0,67.17,2025-09-17T00:00:00-04:00,65.98,time stop win,1.1439,win,IEMG_TwoDayBreakout_D1_74,32.195,0.6950000000000003
IEMG,TwoDayBreakout_D1,2025-09-11T00:00:00-04:00,2025-09-12T00:00:00-04:00,64.82,63.52,67.42,2025-09-18T00:00:00-04:00,65.815,time stop win,0.7654,win,IEMG_TwoDayBreakout_D1_75,32.41,0.649999999999995
IEMG,TwoDayBreakout_D1,2025-09-15T00:00:00-04:00,2025-09-16T00:00:00-04:00,65.55,64.36,67.93,2025-09-22T00:00:00-04:00,65.955,time stop win,0.3403,win,IEMG_TwoDayBreakout_D1_77,32.775,0.5949999999999989
IEMG,TwoDayBreakout_D1,2025-09-16T00:00:00-04:00,2025-09-17T00:00:00-04:00,66.03,64.68,68.73,2025-09-23T00:00:00-04:00,65.98,time stop loss,-0.037,loss,IEMG_TwoDayBreakout_D1_78,33.015,0.6749999999999972
IEMG,TwoDayBreakout_D1,2025-09-17T00:00:00-04:00,2025-09-18T00:00:00-04:00,65.66,65.08,66.82,2025-09-24T00:00:00-04:00,65.71,time stop win,0.0862,win,IEMG_TwoDayBreakout_D1_79,32.83,0.28999999999999915
IEMG,TwoDayBreakout_D1,2025-09-22T00:00:00-04:00,2025-09-23T00:00:00-04:00,66.0,65.455,67.09,2025-09-25T00:00:00-04:00,65.455,SL hit,-1.0,loss,IEMG_TwoDayBreakout_D1_82,33.0,0.27250000000000085
IEMG,TwoDayBreakout_D1,2025-09-29T00:00:00-04:00,2025-09-30T00:00:00-04:00,65.86,64.78,68.02,2025-10-06T00:00:00-04:00,67.215,time stop win,1.2546,win,IEMG_TwoDayBreakout_D1_87,32.93,0.5399999999999991
IEMG,TwoDayBreakout_D1,2025-10-01T00:00:00-04:00,2025-10-02T00:00:00-04:00,66.97,65.67,69.57,2025-10-08T00:00:00-04:00,67.22,time stop win,0.1923,win,IEMG_TwoDayBreakout_D1_89,33.485,0.6499999999999986
IEMG,TwoDayBreakout_D1,2025-10-02T00:00:00-04:00,2025-10-03T00:00:00-04:00,66.98,65.745,69.45,2025-10-09T00:00:00-04:00,66.6,time stop loss,-0.3077,loss,IEMG_TwoDayBreakout_D1_90,33.49,0.6174999999999997
IEMG,TwoDayBreakout_D1,2025-10-06T00:00:00-04:00,2025-10-07T00:00:00-04:00,67.445,66.525,69.285,2025-10-09T00:00:00-04:00,66.525,SL hit,-1.0,loss,IEMG_TwoDayBreakout_D1_92,33.7225,0.45999999999999375
IEMG,TwoDayBreakout_D1,2025-10-15T00:00:00-04:00,2025-10-16T00:00:00-04:00,67.11,64.91,71.51,2025-10-22T00:00:00-04:00,67.07,time stop loss,-0.0182,loss,IEMG_TwoDayBreakout_D1_99,33.555,1.1000000000000014
IEMG,TwoDayBreakout_D1,2025-10-16T00:00:00-04:00,2025-10-17T00:00:00-04:00,66.52,64.91,69.74,2025-10-23T00:00:00-04:00,67.62,time stop win,0.6832,win,IEMG_TwoDayBreakout_D1_100,33.26,0.8049999999999997
IEMG,TwoDayBreakout_D1,2025-10-20T00:00:00-04:00,2025-10-21T00:00:00-04:00,67.345,66.47,69.095,2025-10-27T00:00:00-04:00,68.78,time stop win,1.64,win,IEMG_TwoDayBreakout_D1_102,33.6725,0.4375
IEMG,TwoDayBreakout_D1,2025-10-23T00:00:00-04:00,2025-10-24T00:00:00-04:00,68.06,66.755,70.67,2025-10-30T00:00:00-04:00,68.385,time stop win,0.249,win,IEMG_TwoDayBreakout_D1_105,34.03,0.6525000000000034
IEMG,TwoDayBreakout_D1,2025-10-24T00:00:00-04:00,2025-10-27T00:00:00-04:00,68.78,66.755,72.83,2025-10-31T00:00:00-04:00,68.315,time stop loss,-0.2296,loss,IEMG_TwoDayBreakout_D1_106,34.39,1.0125000000000028
IEMG,TwoDayBreakout_D1,2025-10-27T00:00:00-04:00,2025-10-28T00:00:00-04:00,68.345,67.29,70.455,2025-11-03T00:00:00-05:00,68.73,time stop win,0.3649,win,IEMG_TwoDayBreakout_D1_107,34.1725,0.5274999999999963
IEMG,TwoDayBreakout_D1,2025-10-29T00:00:00-04:00,2025-10-30T00:00:00-04:00,68.405,68.31,68.595,2025-10-30T00:00:00-04:00,68.31,SL hit,-1.0,loss,IEMG_TwoDayBreakout_D1_109,34.2025,0.04749999999999943
IEMG,TwoDayBreakout_D1,2025-11-10T00:00:00-05:00,2025-11-11T00:00:00-05:00,68.38,66.475,72.19,2025-11-17T00:00:00-05:00,67.055,time stop loss,-0.6955,loss,IEMG_TwoDayBreakout_D1_117,34.19,0.9525000000000006
IEMG,TwoDayBreakout_D1,2025-11-11T00:00:00-05:00,2025-11-12T00:00:00-05:00,68.57,66.475,72.76,2025-11-18T00:00:00-05:00,66.475,SL hit,-1.0,loss,IEMG_TwoDayBreakout_D1_118,34.285,1.0474999999999994
IEMG,TwoDayBreakout_D1,2025-11-25T00:00:00-05:00,2025-11-26T00:00:00-05:00,66.74,64.73,70.76,2025-12-03T00:00:00-05:00,67.095,time stop win,0.1766,win,IEMG_TwoDayBreakout_D1_128,33.37,1.0049999999999955
IEMG,TwoDayBreakout_D1,2025-11-26T00:00:00-05:00,2025-11-28T00:00:00-05:00,66.91,65.6,69.53,2025-12-04T00:00:00-05:00,67.07,time stop win,0.1221,win,IEMG_TwoDayBreakout_D1_129,33.455,0.6550000000000011
IEMG,TwoDayBreakout_D1,2025-11-28T00:00:00-05:00,2025-12-01T00:00:00-05:00,66.88,65.7,69.24,2025-12-05T00:00:00-05:00,67.46,time stop win,0.4915,win,IEMG_TwoDayBreakout_D1_130,33.44,0.5899999999999963
IEMG,TwoDayBreakout_D1,2025-12-05T00:00:00-05:00,2025-12-08T00:00:00-05:00,67.52,66.74,69.08,2025-12-12T00:00:00-05:00,66.74,SL hit,-1.0,loss,IEMG_TwoDayBreakout_D1_135,33.76,0.39000000000000057
IEMG,TwoDayBreakout_D1,2025-12-10T00:00:00-05:00,2025-12-11T00:00:00-05:00,67.425,66.965,68.345,2025-12-12T00:00:00-05:00,66.965,SL hit,-1.0,loss,IEMG_TwoDayBreakout_D1_138,33.7125,0.22999999999999687
IEMG,TwoDayBreakout_D1,2025-12-19T00:00:00-05:00,2025-12-22T00:00:00-05:00,66.405,64.68,69.855,2025-12-29T00:00:00-05:00,67.21,time stop win,0.4667,win,IEMG_TwoDayBreakout_D1_145,33.2025,0.8624999999999972
IEMG,TwoDayBreakout_D1,2025-12-22T00:00:00-05:00,2025-12-23T00:00:00-05:00,66.335,65.34,68.325,2025-12-30T00:00:00-05:00,67.4,time stop win,1.0704,win,IEMG_TwoDayBreakout_D1_146,33.1675,0.49749999999999517
IEMG,TwoDayBreakout_D1,2025-12-23T00:00:00-05:00,2025-12-24T00:00:00-05:00,66.895,65.82,69.045,2025-12-31T00:00:00-05:00,67.23,time stop win,0.3116,win,IEMG_TwoDayBreakout_D1_147,33.4475,0.5375000000000014
IEMG,TwoDayBreakout_D1,2025-12-24T00:00:00-05:00,2025-12-26T00:00:00-05:00,67.12,66.285,68.79,2026-01-02T00:00:00-05:00,68.79,TP hit,2.0,win,IEMG_TwoDayBreakout_D1_148,33.56,0.417500000000004
IEMG,TwoDayBreakout_D1,2025-12-26T00:00:00-05:00,2025-12-29T00:00:00-05:00,66.95,66.33,68.19,2026-01-02T00:00:00-05:00,68.19,TP hit,2.0,win,IEMG_TwoDayBreakout_D1_149,33.475,0.3100000000000023
IEMG,TwoDayBreakout_D1,2025-12-30T00:00:00-05:00,2025-12-31T00:00:00-05:00,67.44,66.94,68.44,2026-01-02T00:00:00-05:00,68.44,TP hit,2.0,win,IEMG_TwoDayBreakout_D1_151,33.72,0.25
IEMG,TwoDayBreakout_D1,2026-01-02T00:00:00-05:00,2026-01-05T00:00:00-05:00,69.345,67.22,73.595,2026-01-09T00:00:00-05:00,70.045,time stop win,0.3294,win,IEMG_TwoDayBreakout_D1_153,34.6725,1.0625
IEMG,TwoDayBreakout_D1,2026-01-05T00:00:00-05:00,2026-01-06T00:00:00-05:00,70.08,67.22,75.8,2026-01-12T00:00:00-05:00,70.945,time stop win,0.3024,win,IEMG_TwoDayBreakout_D1_154,35.04,1.4299999999999997
IEMG,TwoDayBreakout_D1,2026-01-06T00:00:00-05:00,2026-01-07T00:00:00-05:00,69.93,68.535,72.72,2026-01-13T00:00:00-05:00,70.465,time stop win,0.3835,win,IEMG_TwoDayBreakout_D1_155,34.965,0.6975000000000051
IEMG,TwoDayBreakout_D1,2026-01-09T00:00:00-05:00,2026-01-12T00:00:00-05:00,70.15,69.46,71.53,2026-01-16T00:00:00-05:00,70.92,time stop win,1.1159,win,IEMG_TwoDayBreakout_D1_158,35.075,0.34500000000000597
IEMG,TwoDayBreakout_D1,2026-01-12T00:00:00-05:00,2026-01-13T00:00:00-05:00,70.725,69.46,73.255,2026-01-20T00:00:00-05:00,70.37,time stop loss,-0.2806,loss,IEMG_TwoDayBreakout_D1_159,35.3625,0.6325000000000003
IEMG,TwoDayBreakout_D1,2026-01-15T00:00:00-05:00,2026-01-16T00:00:00-05:00,71.05,70.33,72.49,2026-01-20T00:00:00-05:00,70.33,SL hit,-1.0,loss,IEMG_TwoDayBreakout_D1_162,35.525,0.35999999999999943
IEMG,TwoDayBreakout_D1,2026-01-21T00:00:00-05:00,2026-01-22T00:00:00-05:00,71.895,70.275,75.135,2026-01-28T00:00:00-05:00,74.45,time stop win,1.5772,win,IEMG_TwoDayBreakout_D1_165,35.9475,0.8099999999999952
IEMG,TwoDayBreakout_D1,2026-01-22T00:00:00-05:00,2026-01-23T00:00:00-05:00,71.805,70.275,74.865,2026-01-29T00:00:00-05:00,74.1,time stop win,1.5,win,IEMG_TwoDayBreakout_D1_166,35.9025,0.7650000000000006
IEMG,TwoDayBreakout_D1,2026-01-23T00:00:00-05:00,2026-01-26T00:00:00-05:00,72.47,71.01,75.39,2026-01-30T00:00:00-05:00,72.59,time stop win,0.0822,win,IEMG_TwoDayBreakout_D1_167,36.235,0.7299999999999969
IEMG,TwoDayBreakout_D1,2026-01-26T00:00:00-05:00,2026-01-27T00:00:00-05:00,73.45,71.655,77.04,2026-02-02T00:00:00-05:00,72.81,time stop loss,-0.3565,loss,IEMG_TwoDayBreakout_D1_168,36.725,0.8975000000000009
IEMG,TwoDayBreakout_D1,2026-01-27T00:00:00-05:00,2026-01-28T00:00:00-05:00,74.57,71.655,80.4,2026-02-03T00:00:00-05:00,73.17,time stop loss,-0.4803,loss,IEMG_TwoDayBreakout_D1_169,37.285,1.457499999999996
IEMG,TwoDayBreakout_D1,2026-01-28T00:00:00-05:00,2026-01-29T00:00:00-05:00,74.6,72.435,78.93,2026-01-30T00:00:00-05:00,72.435,SL hit,-1.0,loss,IEMG_TwoDayBreakout_D1_170,37.3,1.082499999999996
IEMG,TwoDayBreakout_D1,2026-02-06T00:00:00-05:00,2026-02-09T00:00:00-05:00,73.62,71.56,77.74,2026-02-12T00:00:00-05:00,74.64,time stop win,0.4951,win,IEMG_TwoDayBreakout_D1_177,36.81,1.0300000000000011
IEMG,TwoDayBreakout_D1,2026-02-09T00:00:00-05:00,2026-02-10T00:00:00-05:00,74.48,71.56,80.32,2026-02-12T00:00:00-05:00,74.64,time stop win,0.0548,win,IEMG_TwoDayBreakout_D1_178,37.24,1.4600000000000009
IEMG,TwoDayBreakout_D1,2026-02-11T00:00:00-05:00,2026-02-12T00:00:00-05:00,75.795,73.55,80.285,2026-02-12T00:00:00-05:00,74.64,time stop loss,-0.5145,loss,IEMG_TwoDayBreakout_D1_180,37.8975,1.1225000000000023
KRE,PrevDayBreakout_D1,2025-05-27T00:00:00-04:00,2025-05-28T00:00:00-04:00,57.615,55.4,62.045,2025-06-03T00:00:00-04:00,57.35,time stop loss,-0.1196,loss,KRE_PrevDayBreakout_D1_1,28.8075,1.1075000000000017
KRE,PrevDayBreakout_D1,2025-06-03T00:00:00-04:00,2025-06-04T00:00:00-04:00,57.33,55.61,60.77,2025-06-10T00:00:00-04:00,58.935,time stop win,0.9331,win,KRE_PrevDayBreakout_D1_6,28.665,0.8599999999999994
KRE,PrevDayBreakout_D1,2025-06-06T00:00:00-04:00,2025-06-09T00:00:00-04:00,58.305,56.12,62.675,2025-06-13T00:00:00-04:00,56.24,time stop loss,-0.9451,loss,KRE_PrevDayBreakout_D1_9,29.1525,1.0925000000000011
KRE,PrevDayBreakout_D1,2025-06-09T00:00:00-04:00,2025-06-10T00:00:00-04:00,58.41,57.295,60.64,2025-06-12T00:00:00-04:00,57.295,SL hit,-1.0,loss,KRE_PrevDayBreakout_D1_10,29.205,0.5574999999999974
KRE,PrevDayBreakout_D1,2025-06-10T00:00:00-04:00,2025-06-11T00:00:00-04:00,59.13,58.11,61.17,2025-06-11T00:00:00-04:00,58.11,SL hit,-1.0,loss,KRE_PrevDayBreakout_D1_11,29.565,0.5100000000000016
KRE,PrevDayBreakout_D1,2025-06-18T00:00:00-04:00,2025-06-20T00:00:00-04:00,56.94,55.66,59.5,2025-06-26T00:00:00-04:00,59.5,TP hit,2.0,win,KRE_PrevDayBreakout_D1_17,28.47,0.6400000000000006
KRE,PrevDayBreakout_D1,2025-06-20T00:00:00-04:00,2025-06-23T00:00:00-04:00,56.395,55.585,58.015,2025-06-24T00:00:00-04:00,58.015,TP hit,2.0,win,KRE_PrevDayBreakout_D1_18,28.1975,0.40500000000000114
KRE,PrevDayBreakout_D1,2025-06-23T00:00:00-04:00,2025-06-24T00:00:00-04:00,58.38,56.6,61.94,2025-06-30T00:00:00-04:00,59.44,time stop win,0.5955,win,KRE_PrevDayBreakout_D1_19,29.19,0.8900000000000006
KRE,PrevDayBreakout_D1,2025-06-24T00:00:00-04:00,2025-06-25T00:00:00-04:00,58.32,56.19,62.58,2025-07-01T00:00:00-04:00,61.41,time stop win,1.4507,win,KRE_PrevDayBreakout_D1_20,29.16,1.0650000000000013
KRE,PrevDayBreakout_D1,2025-06-26T00:00:00-04:00,2025-06-27T00:00:00-04:00,59.68,57.87,63.3,2025-07-03T00:00:00-04:00,63.3,TP hit,2.0,win,KRE_PrevDayBreakout_D1_22,29.84,0.9050000000000011
KRE,PrevDayBreakout_D1,2025-07-01T00:00:00-04:00,2025-07-02T00:00:00-04:00,61.68,59.43,66.18,2025-07-09T00:00:00-04:00,63.12,time stop win,0.64,win,KRE_PrevDayBreakout_D1_25,30.84,1.125
KRE,PrevDayBreakout_D1,2025-07-02T00:00:00-04:00,2025-07-03T00:00:00-04:00,62.855,59.09,70.385,2025-07-10T00:00:00-04:00,63.55,time stop win,0.1846,win,KRE_PrevDayBreakout_D1_26,31.4275,1.8824999999999967
KRE,PrevDayBreakout_D1,2025-07-03T00:00:00-04:00,2025-07-07T00:00:00-04:00,62.84,61.28,65.96,2025-07-11T00:00:00-04:00,62.9,time stop win,0.0385,win,KRE_PrevDayBreakout_D1_27,31.42,0.7800000000000011
KRE,PrevDayBreakout_D1,2025-07-14T00:00:00-04:00,2025-07-15T00:00:00-04:00,63.435,62.74,64.825,2025-07-15T00:00:00-04:00,62.74,SL hit,-1.0,loss,KRE_PrevDayBreakout_D1_33,31.7175,0.34750000000000014
KRE,PrevDayBreakout_D1,2025-07-17T00:00:00-04:00,2025-07-18T00:00:00-04:00,63.57,60.68,69.35,2025-07-24T00:00:00-04:00,62.17,time stop loss,-0.4844,loss,KRE_PrevDayBreakout_D1_36,31.785,1.4450000000000003
KRE,PrevDayBreakout_D1,2025-07-18T00:00:00-04:00,2025-07-21T00:00:00-04:00,63.48,61.845,66.75,2025-07-25T00:00:00-04:00,61.845,SL hit,-1.0,loss,KRE_PrevDayBreakout_D1_37,31.74,0.817499999999999
KRE,PrevDayBreakout_D1,2025-08-04T00:00:00-04:00,2025-08-05T00:00:00-04:00,59.715,57.79,63.565,2025-08-11T00:00:00-04:00,59.41,time stop loss,-0.1584,loss,KRE_PrevDayBreakout_D1_48,29.8575,0.9625000000000021
KRE,PrevDayBreakout_D1,2025-08-05T00:00:00-04:00,2025-08-06T00:00:00-04:00,59.96,58.78,62.32,2025-08-07T00:00:00-04:00,58.78,SL hit,-1.0,loss,KRE_PrevDayBreakout_D1_49,29.98,0.5899999999999999
KRE,PrevDayBreakout_D1,2025-08-12T00:00:00-04:00,2025-08-13T00:00:00-04:00,61.89,59.17,67.33,2025-08-19T00:00:00-04:00,61.82,time stop loss,-0.0257,loss,KRE_PrevDayBreakout_D1_54,30.945,1.3599999999999994
KRE,PrevDayBreakout_D1,2025-08-13T00:00:00-04:00,2025-08-14T00:00:00-04:00,61.83,59.88,65.73,2025-08-20T00:00:00-04:00,62.03,time stop win,0.1026,win,KRE_PrevDayBreakout_D1_55,30.915,0.9749999999999979
KRE,PrevDayBreakout_D1,2025-08-22T00:00:00-04:00,2025-08-25T00:00:00-04:00,64.57,61.475,70.76,2025-08-29T00:00:00-04:00,65.495,time stop win,0.2989,win,KRE_PrevDayBreakout_D1_62,32.285,1.5474999999999959
KRE,PrevDayBreakout_D1,2025-08-26T00:00:00-04:00,2025-08-27T00:00:00-04:00,64.89,64.4,65.87,2025-08-27T00:00:00-04:00,65.87,TP hit,2.0,win,KRE_PrevDayBreakout_D1_64,32.445,0.24499999999999744
KRE,PrevDayBreakout_D1,2025-08-27T00:00:00-04:00,2025-08-28T00:00:00-04:00,66.02,64.325,69.41,2025-09-02T00:00:00-04:00,64.325,SL hit,-1.0,loss,KRE_PrevDayBreakout_D1_65,33.01,0.8474999999999966
KRE,PrevDayBreakout_D1,2025-09-04T00:00:00-04:00,2025-09-05T00:00:00-04:00,66.34,64.49,70.04,2025-09-11T00:00:00-04:00,65.19,time stop loss,-0.6216,loss,KRE_PrevDayBreakout_D1_70,33.17,0.9250000000000043
KRE,PrevDayBreakout_D1,2025-09-17T00:00:00-04:00,2025-09-18T00:00:00-04:00,64.69,62.985,68.1,2025-09-24T00:00:00-04:00,63.925,time stop loss,-0.4487,loss,KRE_PrevDayBreakout_D1_79,32.345,0.8524999999999991
KRE,PrevDayBreakout_D1,2025-09-18T00:00:00-04:00,2025-09-19T00:00:00-04:00,66.07,63.81,70.59,2025-09-22T00:00:00-04:00,63.81,SL hit,-1.0,loss,KRE_PrevDayBreakout_D1_80,33.035,1.1299999999999955
KRE,PrevDayBreakout_D1,2025-09-26T00:00:00-04:00,2025-09-29T00:00:00-04:00,64.36,63.2,66.68,2025-09-29T00:00:00-04:00,63.2,SL hit,-1.0,loss,KRE_PrevDayBreakout_D1_86,32.18,0.5799999999999983
KRE,PrevDayBreakout_D1,2025-10-03T00:00:00-04:00,2025-10-06T00:00:00-04:00,64.13,62.31,67.77,2025-10-10T00:00:00-04:00,62.31,SL hit,-1.0,loss,KRE_PrevDayBreakout_D1_91,32.065,0.9099999999999966
KRE,PrevDayBreakout_D1,2025-10-06T00:00:00-04:00,2025-10-07T00:00:00-04:00,64.22,63.06,66.54,2025-10-09T00:00:00-04:00,63.06,SL hit,-1.0,loss,KRE_PrevDayBreakout_D1_92,32.11,0.5799999999999983
KRE,PrevDayBreakout_D1,2025-10-14T00:00:00-04:00,2025-10-15T00:00:00-04:00,63.645,60.61,69.715,2025-10-16T00:00:00-04:00,60.61,SL hit,-1.0,loss,KRE_PrevDayBreakout_D1_98,31.8225,1.5175000000000018
KRE,PrevDayBreakout_D1,2025-10-20T00:00:00-04:00,2025-10-21T00:00:00-04:00,60.34,58.27,64.48,2025-10-27T00:00:00-04:00,61.18,time stop win,0.4058,win,KRE_PrevDayBreakout_D1_102,30.17,1.0350000000000001
KRE,PrevDayBreakout_D1,2025-10-24T00:00:00-04:00,2025-10-27T00:00:00-04:00,61.66,59.75,65.48,2025-10-29T00:00:00-04:00,59.75,SL hit,-1.0,loss,KRE_PrevDayBreakout_D1_106,30.83,0.9549999999999983
KRE,PrevDayBreakout_D1,2025-11-03T00:00:00-05:00,2025-11-04T00:00:00-05:00,59.67,58.95,61.11,2025-11-10T00:00:00-05:00,61.11,TP hit,2.0,win,KRE_PrevDayBreakout_D1_112,29.835,0.35999999999999943
KRE,PrevDayBreakout_D1,2025-11-05T00:00:00-05:00,2025-11-06T00:00:00-05:00,60.415,59.12,63.005,2025-11-12T00:00:00-05:00,61.545,time stop win,0.8726,win,KRE_PrevDayBreakout_D1_114,30.2075,0.6475000000000009
KRE,PrevDayBreakout_D1,2025-11-07T00:00:00-05:00,2025-11-10T00:00:00-05:00,61.29,59.82,64.23,2025-11-14T00:00:00-05:00,60.94,time stop loss,-0.2381,loss,KRE_PrevDayBreakout_D1_116,30.645,0.7349999999999994
KRE,PrevDayBreakout_D1,2025-11-10T00:00:00-05:00,2025-11-11T00:00:00-05:00,61.365,59.72,64.655,2025-11-17T00:00:00-05:00,59.72,SL hit,-1.0,loss,KRE_PrevDayBreakout_D1_117,30.6825,0.8225000000000016
KRE,PrevDayBreakout_D1,2025-11-19T00:00:00-05:00,2025-11-20T00:00:00-05:00,60.44,58.22,64.88,2025-11-26T00:00:00-05:00,63.16,time stop win,1.2252,win,KRE_PrevDayBreakout_D1_124,30.22,1.1099999999999994
KRE,PrevDayBreakout_D1,2025-11-21T00:00:00-05:00,2025-11-24T00:00:00-05:00,61.515,59.43,65.685,2025-12-01T00:00:00-05:00,63.7,time stop win,1.048,win,KRE_PrevDayBreakout_D1_126,30.7575,1.0425000000000004
KRE,PrevDayBreakout_D1,2025-11-25T00:00:00-05:00,2025-11-26T00:00:00-05:00,63.225,61.085,67.505,2025-12-03T00:00:00-05:00,64.65,time stop win,0.6659,win,KRE_PrevDayBreakout_D1_128,31.6125,1.0700000000000003
KRE,PrevDayBreakout_D1,2025-12-01T00:00:00-05:00,2025-12-02T00:00:00-05:00,63.9,62.875,65.95,2025-12-08T00:00:00-05:00,64.96,time stop win,1.0341,win,KRE_PrevDayBreakout_D1_131,31.95,0.5124999999999993
KRE,PrevDayBreakout_D1,2025-12-03T00:00:00-05:00,2025-12-04T00:00:00-05:00,64.57,63.28,67.15,2025-12-10T00:00:00-05:00,67.15,TP hit,2.0,win,KRE_PrevDayBreakout_D1_133,32.285,0.644999999999996
KRE,PrevDayBreakout_D1,2025-12-04T00:00:00-05:00,2025-12-05T00:00:00-05:00,64.635,63.405,67.095,2025-12-10T00:00:00-05:00,67.095,TP hit,2.0,win,KRE_PrevDayBreakout_D1_134,32.3175,0.615000000000002
KRE,PrevDayBreakout_D1,2025-12-10T00:00:00-05:00,2025-12-11T00:00:00-05:00,66.86,64.755,71.07,2025-12-17T00:00:00-05:00,67.295,time stop win,0.2067,win,KRE_PrevDayBreakout_D1_138,33.43,1.052500000000002
KRE,PrevDayBreakout_D1,2026-01-05T00:00:00-05:00,2026-01-06T00:00:00-05:00,66.43,64.06,71.17,2026-01-12T00:00:00-05:00,66.67,time stop win,0.1013,win,KRE_PrevDayBreakout_D1_154,33.215,1.1850000000000023
KRE,PrevDayBreakout_D1,2026-01-06T00:00:00-05:00,2026-01-07T00:00:00-05:00,67.21,65.02,71.59,2026-01-13T00:00:00-05:00,66.245,time stop loss,-0.4406,loss,KRE_PrevDayBreakout_D1_155,33.605,1.0949999999999989
KRE,PrevDayBreakout_D1,2026-01-08T00:00:00-05:00,2026-01-09T00:00:00-05:00,68.23,66.22,72.25,2026-01-13T00:00:00-05:00,66.22,SL hit,-1.0,loss,KRE_PrevDayBreakout_D1_157,34.115,1.0050000000000026
KRE,PrevDayBreakout_D1,2026-01-15T00:00:00-05:00,2026-01-16T00:00:00-05:00,68.15,65.86,72.73,2026-01-23T00:00:00-05:00,67.62,time stop loss,-0.2314,loss,KRE_PrevDayBreakout_D1_162,34.075,1.1450000000000031
KRE,PrevDayBreakout_D1,2026-01-21T00:00:00-05:00,2026-01-22T00:00:00-05:00,70.115,66.735,76.875,2026-01-28T00:00:00-05:00,67.79,time stop loss,-0.6879,loss,KRE_PrevDayBreakout_D1_165,35.0575,1.6899999999999977
KRE,PrevDayBreakout_D1,2026-01-29T00:00:00-05:00,2026-01-30T00:00:00-05:00,68.7,67.66,70.78,2026-02-03T00:00:00-05:00,70.78,TP hit,2.0,win,KRE_PrevDayBreakout_D1_171,34.35,0.5200000000000031
KRE,PrevDayBreakout_D1,2026-02-02T00:00:00-05:00,2026-02-03T00:00:00-05:00,69.96,68.165,73.55,2026-02-06T00:00:00-05:00,73.55,TP hit,2.0,win,KRE_PrevDayBreakout_D1_173,34.98,0.8974999999999937
KRE,PrevDayBreakout_D1,2026-02-03T00:00:00-05:00,2026-02-04T00:00:00-05:00,71.84,68.6,78.32,2026-02-10T00:00:00-05:00,72.64,time stop win,0.2469,win,KRE_PrevDayBreakout_D1_174,35.92,1.6200000000000045
KRE,PrevDayBreakout_D1,2026-02-04T00:00:00-05:00,2026-02-05T00:00:00-05:00,72.03,69.94,76.21,2026-02-11T00:00:00-05:00,71.805,time stop loss,-0.1077,loss,KRE_PrevDayBreakout_D1_175,36.015,1.0450000000000017
KRE,PrevDayBreakout_D1,2026-02-06T00:00:00-05:00,2026-02-09T00:00:00-05:00,73.305,71.555,76.805,2026-02-11T00:00:00-05:00,71.555,SL hit,-1.0,loss,KRE_PrevDayBreakout_D1_177,36.6525,0.875
QQQ,MeanReversion_D1,2025-06-05T00:00:00-04:00,2025-06-06T00:00:00-04:00,529.95,522.75,544.35,2025-06-12T00:00:00-04:00,533.63,time stop win,0.5111,win,QQQ_MeanReversion_D1_8,264.975,3.6000000000000227
QQQ,MeanReversion_D1,2025-06-13T00:00:00-04:00,2025-06-16T00:00:00-04:00,530.57,525.75,540.21,2025-06-20T00:00:00-04:00,525.75,SL hit,-1.0,loss,QQQ_MeanReversion_D1_14,265.285,2.410000000000025
QQQ,MeanReversion_D1,2025-06-17T00:00:00-04:00,2025-06-18T00:00:00-04:00,530.0,527.96,534.08,2025-06-18T00:00:00-04:00,527.96,SL hit,-1.0,loss,QQQ_MeanReversion_D1_16,265.0,1.0199999999999818
QQQ,MeanReversion_D1,2025-06-20T00:00:00-04:00,2025-06-23T00:00:00-04:00,526.635,524.95,530.005,2025-06-23T00:00:00-04:00,524.95,SL hit,-1.0,loss,QQQ_MeanReversion_D1_18,263.3175,0.8424999999999727
QQQ,MeanReversion_D1,2025-07-01T00:00:00-04:00,2025-07-02T00:00:00-04:00,546.24,544.76,549.2,2025-07-02T00:00:00-04:00,549.2,TP hit,2.0,win,QQQ_MeanReversion_D1_25,273.12,0.7400000000000091
QQQ,MeanReversion_D1,2025-07-07T00:00:00-04:00,2025-07-08T00:00:00-04:00,553.3,549.66,560.58,2025-07-14T00:00:00-04:00,556.115,time stop win,0.7734,win,QQQ_MeanReversion_D1_28,276.65,1.8199999999999932
QQQ,MeanReversion_D1,2025-07-22T00:00:00-04:00,2025-07-23T00:00:00-04:00,562.355,558.61,569.845,2025-07-29T00:00:00-04:00,569.845,TP hit,2.0,win,QQQ_MeanReversion_D1_39,281.1775,1.8725000000000023
QQQ,MeanReversion_D1,2025-08-01T00:00:00-04:00,2025-08-04T00:00:00-04:00,559.11,551.73,573.87,2025-08-08T00:00:00-04:00,573.87,TP hit,2.0,win,QQQ_MeanReversion_D1_47,279.555,3.6899999999999977
QQQ,MeanReversion_D1,2025-08-15T00:00:00-04:00,2025-08-18T00:00:00-04:00,576.46,575.59,578.2,2025-08-18T00:00:00-04:00,575.59,SL hit,-1.0,loss,QQQ_MeanReversion_D1_57,288.23,0.4350000000000023
QQQ,MeanReversion_D1,2025-08-19T00:00:00-04:00,2025-08-20T00:00:00-04:00,568.31,568.26,568.41,2025-08-20T00:00:00-04:00,568.26,SL hit,-1.0,loss,QQQ_MeanReversion_D1_59,284.155,0.024999999999977263
QQQ,MeanReversion_D1,2025-08-20T00:00:00-04:00,2025-08-21T00:00:00-04:00,564.35,558.9,575.25,2025-08-27T00:00:00-04:00,573.55,time stop win,1.6881,win,QQQ_MeanReversion_D1_60,282.175,2.7250000000000227
QQQ,MeanReversion_D1,2025-09-02T00:00:00-04:00,2025-09-03T00:00:00-04:00,569.25,559.54,588.67,2025-09-09T00:00:00-04:00,580.48,time stop win,1.1565,win,QQQ_MeanReversion_D1_68,284.625,4.855000000000018
QQQ,MeanReversion_D1,2025-09-17T00:00:00-04:00,2025-09-18T00:00:00-04:00,594.92,584.41,615.94,2025-09-24T00:00:00-04:00,596.0,time stop win,0.1028,win,QQQ_MeanReversion_D1_79,297.46,5.2549999999999955
QQQ,MeanReversion_D1,2025-09-25T00:00:00-04:00,2025-09-26T00:00:00-04:00,594.33,588.52,605.95,2025-10-02T00:00:00-04:00,605.95,TP hit,2.0,win,QQQ_MeanReversion_D1_85,297.165,2.9050000000000296
QQQ,MeanReversion_D1,2025-10-07T00:00:00-04:00,2025-10-08T00:00:00-04:00,605.4,603.03,610.14,2025-10-08T00:00:00-04:00,610.14,TP hit,2.0,win,QQQ_MeanReversion_D1_93,302.7,1.1850000000000023
QQQ,MeanReversion_D1,2025-10-10T00:00:00-04:00,2025-10-13T00:00:00-04:00,599.7,589.09,620.92,2025-10-17T00:00:00-04:00,603.84,time stop win,0.3902,win,QQQ_MeanReversion_D1_96,299.85,5.305000000000007
QQQ,MeanReversion_D1,2025-10-22T00:00:00-04:00,2025-10-23T00:00:00-04:00,604.92,599.9,614.96,2025-10-24T00:00:00-04:00,614.96,TP hit,2.0,win,QQQ_MeanReversion_D1_104,302.46,2.509999999999991
QQQ,MeanReversion_D1,2025-10-30T00:00:00-04:00,2025-10-31T00:00:00-04:00,634.2,625.99,650.62,2025-11-04T00:00:00-05:00,625.99,SL hit,-1.0,loss,QQQ_MeanReversion_D1_110,317.1,4.105000000000018
QQQ,MeanReversion_D1,2025-11-07T00:00:00-05:00,2025-11-10T00:00:00-05:00,618.925,598.68,659.415,2025-11-14T00:00:00-05:00,598.68,SL hit,-1.0,loss,QQQ_MeanReversion_D1_116,309.4625,10.122500000000002
QQQ,MeanReversion_D1,2025-11-18T00:00:00-05:00,2025-11-19T00:00:00-05:00,597.02,591.38,608.3,2025-11-20T00:00:00-05:00,591.38,SL hit,-1.0,loss,QQQ_MeanReversion_D1_123,298.51,2.819999999999993
QQQ,MeanReversion_D1,2025-11-20T00:00:00-05:00,2025-11-21T00:00:00-05:00,587.33,584.85,592.29,2025-11-21T00:00:00-05:00,584.85,SL hit,-1.0,loss,QQQ_MeanReversion_D1_125,293.665,1.240000000000009
QQQ,MeanReversion_D1,2025-12-12T00:00:00-05:00,2025-12-15T00:00:00-05:00,618.25,611.38,631.99,2025-12-15T00:00:00-05:00,611.38,SL hit,-1.0,loss,QQQ_MeanReversion_D1_140,309.125,3.4350000000000023
QQQ,MeanReversion_D1,2025-12-17T00:00:00-05:00,2025-12-18T00:00:00-05:00,609.75,600.29,628.67,2025-12-24T00:00:00-05:00,623.96,time stop win,1.5021,win,QQQ_MeanReversion_D1_143,304.875,4.730000000000018
QQQ,MeanReversion_D1,2025-12-29T00:00:00-05:00,2025-12-30T00:00:00-05:00,619.8,618.77,621.86,2025-12-30T00:00:00-05:00,621.86,TP hit,2.0,win,QQQ_MeanReversion_D1_150,309.9,0.5149999999999864
QQQ,MeanReversion_D1,2025-12-31T00:00:00-05:00,2026-01-02T00:00:00-05:00,620.0,614.05,631.9,2026-01-02T00:00:00-05:00,614.05,SL hit,-1.0,loss,QQQ_MeanReversion_D1_152,310.0,2.9750000000000227
QQQ,MeanReversion_D1,2026-01-02T00:00:00-05:00,2026-01-05T00:00:00-05:00,619.32,610.16,637.64,2026-01-09T00:00:00-05:00,626.655,time stop win,0.8008,win,QQQ_MeanReversion_D1_153,309.66,4.580000000000041
QQQ,MeanReversion_D1,2026-01-08T00:00:00-05:00,2026-01-09T00:00:00-05:00,621.35,617.82,628.41,2026-01-12T00:00:00-05:00,628.41,TP hit,2.0,win,QQQ_MeanReversion_D1_157,310.675,1.7649999999999864
QQQ,MeanReversion_D1,2026-01-14T00:00:00-05:00,2026-01-15T00:00:00-05:00,626.59,614.64,650.49,2026-01-20T00:00:00-05:00,614.64,SL hit,-1.0,loss,QQQ_MeanReversion_D1_161,313.295,5.975000000000023
QQQ,MeanReversion_D1,2026-01-20T00:00:00-05:00,2026-01-21T00:00:00-05:00,609.32,607.05,613.86,2026-01-21T00:00:00-05:00,613.86,TP hit,2.0,win,QQQ_MeanReversion_D1_164,304.66,1.1350000000000477
QQQ,MeanReversion_D1,2026-01-29T00:00:00-05:00,2026-01-30T00:00:00-05:00,625.575,618.38,639.965,2026-02-03T00:00:00-05:00,618.38,SL hit,-1.0,loss,QQQ_MeanReversion_D1_171,312.7875,3.597500000000025
QQQ,MeanReversion_D1,2026-02-03T00:00:00-05:00,2026-02-04T00:00:00-05:00,614.82,610.98,622.5,2026-02-04T00:00:00-05:00,610.98,SL hit,-1.0,loss,QQQ_MeanReversion_D1_174,307.41,1.920000000000016
QQQ,MeanReversion_D1,2026-02-05T00:00:00-05:00,2026-02-06T00:00:00-05:00,600.11,594.79,610.75,2026-02-06T00:00:00-05:00,610.75,TP hit,2.0,win,QQQ_MeanReversion_D1_176,300.055,2.660000000000025
XLP,TwoDayBreakout_D1,2025-05-30T00:00:00-04:00,2025-06-02T00:00:00-04:00,82.615,81.41,85.025,2025-06-05T00:00:00-04:00,81.41,SL hit,-1.0,loss,XLP_TwoDayBreakout_D1_4,41.3075,0.6024999999999991
XLP,TwoDayBreakout_D1,2025-06-12T00:00:00-04:00,2025-06-13T00:00:00-04:00,81.755,81.205,82.855,2025-06-13T00:00:00-04:00,81.205,SL hit,-1.0,loss,XLP_TwoDayBreakout_D1_13,40.8775,0.2749999999999986
XLP,TwoDayBreakout_D1,2025-06-23T00:00:00-04:00,2025-06-24T00:00:00-04:00,81.37,80.385,83.34,2025-06-25T00:00:00-04:00,80.385,SL hit,-1.0,loss,XLP_TwoDayBreakout_D1_19,40.685,0.4924999999999997
XLP,TwoDayBreakout_D1,2025-06-30T00:00:00-04:00,2025-07-01T00:00:00-04:00,81.11,79.98,83.37,2025-07-08T00:00:00-04:00,81.34,time stop win,0.2035,win,XLP_TwoDayBreakout_D1_24,40.555,0.5649999999999977
XLP,TwoDayBreakout_D1,2025-07-01T00:00:00-04:00,2025-07-02T00:00:00-04:00,81.93,80.17,85.45,2025-07-09T00:00:00-04:00,80.81,time stop loss,-0.6364,loss,XLP_TwoDayBreakout_D1_25,40.965,0.8800000000000026
XLP,TwoDayBreakout_D1,2025-07-17T00:00:00-04:00,2025-07-18T00:00:00-04:00,81.135,79.69,84.025,2025-07-24T00:00:00-04:00,81.35,time stop win,0.1488,win,XLP_TwoDayBreakout_D1_36,40.5675,0.7225000000000037
XLP,TwoDayBreakout_D1,2025-07-22T00:00:00-04:00,2025-07-23T00:00:00-04:00,81.59,80.8,83.17,2025-07-28T00:00:00-04:00,80.8,SL hit,-1.0,loss,XLP_TwoDayBreakout_D1_39,40.795,0.3950000000000031
XLP,TwoDayBreakout_D1,2025-08-06T00:00:00-04:00,2025-08-07T00:00:00-04:00,81.8,80.145,85.11,2025-08-13T00:00:00-04:00,82.61,time stop win,0.4894,win,XLP_TwoDayBreakout_D1_50,40.9,0.8275000000000006
XLP,TwoDayBreakout_D1,2025-08-07T00:00:00-04:00,2025-08-08T00:00:00-04:00,82.32,80.355,86.25,2025-08-14T00:00:00-04:00,81.905,time stop loss,-0.2112,loss,XLP_TwoDayBreakout_D1_51,41.16,0.9824999999999946
XLP,TwoDayBreakout_D1,2025-08-08T00:00:00-04:00,2025-08-11T00:00:00-04:00,82.6,80.51,86.78,2025-08-15T00:00:00-04:00,82.01,time stop loss,-0.2823,loss,XLP_TwoDayBreakout_D1_52,41.3,1.0449999999999946
XLP,TwoDayBreakout_D1,2025-08-19T00:00:00-04:00,2025-08-20T00:00:00-04:00,82.71,81.65,84.83,2025-08-25T00:00:00-04:00,81.65,SL hit,-1.0,loss,XLP_TwoDayBreakout_D1_59,41.355,0.529999999999994
XLP,TwoDayBreakout_D1,2025-08-20T00:00:00-04:00,2025-08-21T00:00:00-04:00,82.58,81.865,84.01,2025-08-25T00:00:00-04:00,81.865,SL hit,-1.0,loss,XLP_TwoDayBreakout_D1_60,41.29,0.3575000000000017
XLP,TwoDayBreakout_D1,2025-09-30T00:00:00-04:00,2025-10-01T00:00:00-04:00,78.33,77.51,79.97,2025-10-06T00:00:00-04:00,77.51,SL hit,-1.0,loss,XLP_TwoDayBreakout_D1_88,39.165,0.4099999999999966
XLP,TwoDayBreakout_D1,2025-10-14T00:00:00-04:00,2025-10-15T00:00:00-04:00,79.045,77.44,82.255,2025-10-21T00:00:00-04:00,79.29,time stop win,0.1526,win,XLP_TwoDayBreakout_D1_98,39.5225,0.802500000000002
XLP,TwoDayBreakout_D1,2025-10-15T00:00:00-04:00,2025-10-16T00:00:00-04:00,79.445,77.44,83.455,2025-10-22T00:00:00-04:00,79.75,time stop win,0.1521,win,XLP_TwoDayBreakout_D1_99,39.7225,1.0024999999999977
XLP,TwoDayBreakout_D1,2025-11-07T00:00:00-05:00,2025-11-10T00:00:00-05:00,76.525,75.16,79.255,2025-11-14T00:00:00-05:00,77.26,time stop win,0.5385,win,XLP_TwoDayBreakout_D1_116,38.2625,0.6825000000000045
XLP,TwoDayBreakout_D1,2025-11-11T00:00:00-05:00,2025-11-12T00:00:00-05:00,77.425,75.92,80.435,2025-11-18T00:00:00-05:00,77.105,time stop loss,-0.2126,loss,XLP_TwoDayBreakout_D1_118,38.7125,0.7524999999999977
XLP,TwoDayBreakout_D1,2025-11-21T00:00:00-05:00,2025-11-24T00:00:00-05:00,77.8,76.23,80.94,2025-12-01T00:00:00-05:00,79.225,time stop win,0.9076,win,XLP_TwoDayBreakout_D1_126,38.9,0.7849999999999966
XLP,TwoDayBreakout_D1,2025-11-26T00:00:00-05:00,2025-11-28T00:00:00-05:00,78.85,76.895,82.76,2025-12-04T00:00:00-05:00,78.455,time stop loss,-0.202,loss,XLP_TwoDayBreakout_D1_129,39.425,0.9774999999999991
XLP,TwoDayBreakout_D1,2025-11-28T00:00:00-05:00,2025-12-01T00:00:00-05:00,79.215,77.21,83.225,2025-12-05T00:00:00-05:00,78.455,time stop loss,-0.3791,loss,XLP_TwoDayBreakout_D1_130,39.6075,1.0025000000000048
XLP,TwoDayBreakout_D1,2025-12-11T00:00:00-05:00,2025-12-12T00:00:00-05:00,78.955,77.655,81.555,2025-12-18T00:00:00-05:00,79.18,time stop win,0.1731,win,XLP_TwoDayBreakout_D1_139,39.4775,0.6499999999999986
XLP,TwoDayBreakout_D1,2025-12-12T00:00:00-05:00,2025-12-15T00:00:00-05:00,79.7,77.925,83.25,2025-12-19T00:00:00-05:00,78.76,time stop loss,-0.5296,loss,XLP_TwoDayBreakout_D1_140,39.85,0.8875000000000028
XLP,TwoDayBreakout_D1,2025-12-15T00:00:00-05:00,2025-12-16T00:00:00-05:00,79.875,78.4,82.825,2025-12-22T00:00:00-05:00,78.4,SL hit,-1.0,loss,XLP_TwoDayBreakout_D1_141,39.9375,0.7374999999999972
XLP,TwoDayBreakout_D1,2025-12-26T00:00:00-05:00,2025-12-29T00:00:00-05:00,78.24,77.39,79.94,2026-01-02T00:00:00-05:00,77.39,SL hit,-1.0,loss,XLP_TwoDayBreakout_D1_149,39.12,0.42499999999999716
XLP,TwoDayBreakout_D1,2026-01-08T00:00:00-05:00,2026-01-09T00:00:00-05:00,78.645,76.61,82.715,2026-01-15T00:00:00-05:00,82.36,time stop win,1.8256,win,XLP_TwoDayBreakout_D1_157,39.3225,1.0174999999999983
XLP,TwoDayBreakout_D1,2026-01-09T00:00:00-05:00,2026-01-12T00:00:00-05:00,79.58,76.55,85.64,2026-01-16T00:00:00-05:00,82.14,time stop win,0.8449,win,XLP_TwoDayBreakout_D1_158,39.79,1.5150000000000006
XLP,TwoDayBreakout_D1,2026-01-12T00:00:00-05:00,2026-01-13T00:00:00-05:00,80.255,76.55,87.665,2026-01-20T00:00:00-05:00,82.38,time stop win,0.5735,win,XLP_TwoDayBreakout_D1_159,40.1275,1.8524999999999991
XLP,TwoDayBreakout_D1,2026-01-13T00:00:00-05:00,2026-01-14T00:00:00-05:00,81.08,78.38,86.48,2026-01-21T00:00:00-05:00,82.42,time stop win,0.4963,win,XLP_TwoDayBreakout_D1_160,40.54,1.3500000000000014
XLP,TwoDayBreakout_D1,2026-01-14T00:00:00-05:00,2026-01-15T00:00:00-05:00,82.035,79.26,87.585,2026-01-22T00:00:00-05:00,82.275,time stop win,0.0865,win,XLP_TwoDayBreakout_D1_161,41.0175,1.3874999999999957
XLP,TwoDayBreakout_D1,2026-01-15T00:00:00-05:00,2026-01-16T00:00:00-05:00,82.035,80.255,85.595,2026-01-23T00:00:00-05:00,82.885,time stop win,0.4775,win,XLP_TwoDayBreakout_D1_162,41.0175,0.8900000000000006
XLP,TwoDayBreakout_D1,2026-01-23T00:00:00-05:00,2026-01-26T00:00:00-05:00,83.125,81.66,86.055,2026-01-30T00:00:00-05:00,83.5,time stop win,0.256,win,XLP_TwoDayBreakout_D1_167,41.5625,0.7325000000000017
XLP,TwoDayBreakout_D1,2026-01-30T00:00:00-05:00,2026-02-02T00:00:00-05:00,83.73,81.96,87.27,2026-02-04T00:00:00-05:00,87.27,TP hit,2.0,win,XLP_TwoDayBreakout_D1_172,41.865,0.8850000000000051
XLP,TwoDayBreakout_D1,2026-02-02T00:00:00-05:00,2026-02-03T00:00:00-05:00,84.105,82.01,88.295,2026-02-09T00:00:00-05:00,87.44,time stop win,1.5919,win,XLP_TwoDayBreakout_D1_173,42.0525,1.0474999999999994
XLP,TwoDayBreakout_D1,2026-02-03T00:00:00-05:00,2026-02-04T00:00:00-05:00,86.225,82.03,94.615,2026-02-10T00:00:00-05:00,87.14,time stop win,0.2181,win,XLP_TwoDayBreakout_D1_174,43.1125,2.0974999999999966
XLP,TwoDayBreakout_D1,2026-02-04T00:00:00-05:00,2026-02-05T00:00:00-05:00,87.535,83.315,95.975,2026-02-11T00:00:00-05:00,88.39,time stop win,0.2026,win,XLP_TwoDayBreakout_D1_175,43.7675,2.1099999999999994
XLP,TwoDayBreakout_D1,2026-02-06T00:00:00-05:00,2026-02-09T00:00:00-05:00,87.93,86.225,91.34,2026-02-12T00:00:00-05:00,89.23,time stop win,0.7625,win,XLP_TwoDayBreakout_D1_177,43.965,0.8525000000000063
XLP,TwoDayBreakout_D1,2026-02-11T00:00:00-05:00,2026-02-12T00:00:00-05:00,88.52,86.825,91.91,2026-02-12T00:00:00-05:00,89.23,time stop win,0.4189,win,XLP_TwoDayBreakout_D1_180,44.26,0.8474999999999966
